,Source Name,Sample Name,Characteristics[Organism],Term Source REF,Characteristics[Strain],Term Source REF.1,Term Accession Number.1,Characteristics[Genotype],Term Source REF.2,Characteristics[Sex],Term Source REF.3,Characteristics[Material Type],Term Source REF.4,Factor Value[Spaceflight],Term Source REF.5,Factor Value[Duration],Unit,Term Source REF.6,Characteristics[Animal Source],Factor Value[Euthanasia Location],Term Source REF.7,Term Accession Number.7,Factor Value[Dissection Condition],Term Source REF.8,Term Accession Number.8,Factor Value[Age],Unit.1,Term Source REF.9,Protocol REF,Parameter Value[Light Cycle],Parameter Value[Diet],Term Source REF.10,Parameter Value[Feeding Schedule],Term Source REF.11,Term Accession Number.11,Protocol REF.1,Comment[LAR Animal Receipt Date at Scrippts],Comment[Euthanasia Dates],Comment[Dissection Dates],Parameter Value[Euthanasia Method],Term Source REF.12,Parameter Value[Carcass Preservation Method],Unit.2,Term Source REF.13,Parameter Value[Sample Preservation Method],Term Source REF.14,Parameter Value[Sample Storage Temperature],Unit.3,Term Source REF.15
0,BL_ISS_01,RR8_LVR_BSL_ISS-T_OLD_BI1,Mus musculus,NCBITAXON,BALB/cAnNTac,,,Wild Type,NCIT,Female,MESH,Left Lobe of the Liver,NCIT,Basal Control,,0,day,UO,Taconic Biosciences,On Earth,,,Carcass,,,32,week,UO,Animal Husbandry,12 h light/dark cycle,Nutrient Upgraded Rodent Food Bar (NuRFB),OSD,ad libitum,,,Sample Collection,Not applicable,6-Dec-18,9-Dec-19 and 7-Jan-20 to 9-Jan-20,ketamine/xylazine overdose and exsanguination/double thoracotomy,OSD,-80.0,degree Celsius,UO,Liquid Nitrogen,NCIT,-80,degree Celsius,UO
1,BL_ISS_02,RR8_LVR_BSL_ISS-T_OLD_BI2,Mus musculus,NCBITAXON,BALB/cAnNTac,,,Wild Type,NCIT,Female,MESH,Left Lobe of the Liver,NCIT,Basal Control,,0,day,UO,Taconic Biosciences,On Earth,,,Carcass,,,32,week,UO,Animal Husbandry,12 h light/dark cycle,Nutrient Upgraded Rodent Food Bar (NuRFB),OSD,ad libitum,,,Sample Collection,Not applicable,6-Dec-18,9-Dec-19 and 7-Jan-20 to 9-Jan-20,ketamine/xylazine overdose and exsanguination/double thoracotomy,OSD,-80.0,degree Celsius,UO,Liquid Nitrogen,NCIT,-80,degree Celsius,UO
2,BL_ISS_03,RR8_LVR_BSL_ISS-T_OLD_BI3,Mus musculus,NCBITAXON,BALB/cAnNTac,,,Wild Type,NCIT,Female,MESH,Left Lobe of the Liver,NCIT,Basal Control,,0,day,UO,Taconic Biosciences,On Earth,,,Carcass,,,32,week,UO,Animal Husbandry,12 h light/dark cycle,Nutrient Upgraded Rodent Food Bar (NuRFB),OSD,ad libitum,,,Sample Collection,Not applicable,6-Dec-18,9-Dec-19 and 7-Jan-20 to 9-Jan-20,ketamine/xylazine overdose and exsanguination/double thoracotomy,OSD,-80.0,degree Celsius,UO,Liquid Nitrogen,NCIT,-80,degree Celsius,UO
3,BL_ISS_04,RR8_LVR_BSL_ISS-T_OLD_BI4,Mus musculus,NCBITAXON,BALB/cAnNTac,,,Wild Type,NCIT,Female,MESH,Left Lobe of the Liver,NCIT,Basal Control,,0,day,UO,Taconic Biosciences,On Earth,,,Carcass,,,32,week,UO,Animal Husbandry,12 h light/dark cycle,Nutrient Upgraded Rodent Food Bar (NuRFB),OSD,ad libitum,,,Sample Collection,Not applicable,6-Dec-18,9-Dec-19 and 7-Jan-20 to 9-Jan-20,ketamine/xylazine overdose and exsanguination/double thoracotomy,OSD,-80.0,degree Celsius,UO,Liquid Nitrogen,NCIT,-80,degree Celsius,UO
4,BL_ISS_05,RR8_LVR_BSL_ISS-T_OLD_BI5,Mus musculus,NCBITAXON,BALB/cAnNTac,,,Wild Type,NCIT,Female,MESH,Left Lobe of the Liver,NCIT,Basal Control,,0,day,UO,Taconic Biosciences,On Earth,,,Carcass,,,32,week,UO,Animal Husbandry,12 h light/dark cycle,Nutrient Upgraded Rodent Food Bar (NuRFB),OSD,ad libitum,,,Sample Collection,Not applicable,6-Dec-18,9-Dec-19 and 7-Jan-20 to 9-Jan-20,ketamine/xylazine overdose and exsanguination/double thoracotomy,OSD,-80.0,degree Celsius,UO,Liquid Nitrogen,NCIT,-80,degree Celsius,UO
5,BL_ISS_06,RR8_LVR_BSL_ISS-T_OLD_BI6,Mus musculus,NCBITAXON,BALB/cAnNTac,,,Wild Type,NCIT,Female,MESH,Left Lobe of the Liver,NCIT,Basal Control,,0,day,UO,Taconic Biosciences,On Earth,,,Carcass,,,32,week,UO,Animal Husbandry,12 h light/dark cycle,Nutrient Upgraded Rodent Food Bar (NuRFB),OSD,ad libitum,,,Sample Collection,Not applicable,6-Dec-18,9-Dec-19 and 7-Jan-20 to 9-Jan-20,ketamine/xylazine overdose and exsanguination/double thoracotomy,OSD,-80.0,degree Celsius,UO,Liquid Nitrogen,NCIT,-80,degree Celsius,UO
6,BL_ISS_07,RR8_LVR_BSL_ISS-T_OLD_BI7,Mus musculus,NCBITAXON,BALB/cAnNTac,,,Wild Type,NCIT,Female,MESH,Left Lobe of the Liver,NCIT,Basal Control,,0,day,UO,Taconic Biosciences,On Earth,,,Carcass,,,32,week,UO,Animal Husbandry,12 h light/dark cycle,Nutrient Upgraded Rodent Food Bar (NuRFB),OSD,ad libitum,,,Sample Collection,Not applicable,6-Dec-18,9-Dec-19 and 7-Jan-20 to 9-Jan-20,ketamine/xylazine overdose and exsanguination/double thoracotomy,OSD,-80.0,degree Celsius,UO,Liquid Nitrogen,NCIT,-80,degree Celsius,UO
7,BL_ISS_08,RR8_LVR_BSL_ISS-T_OLD_BI8,Mus musculus,NCBITAXON,BALB/cAnNTac,,,Wild Type,NCIT,Female,MESH,Left Lobe of the Liver,NCIT,Basal Control,,0,day,UO,Taconic Biosciences,On Earth,,,Carcass,,,32,week,UO,Animal Husbandry,12 h light/dark cycle,Nutrient Upgraded Rodent Food Bar (NuRFB),OSD,ad libitum,,,Sample Collection,Not applicable,6-Dec-18,9-Dec-19 and 7-Jan-20 to 9-Jan-20,ketamine/xylazine overdose and exsanguination/double thoracotomy,OSD,-80.0,degree Celsius,UO,Liquid Nitrogen,NCIT,-80,degree Celsius,UO
8,BL_ISS_09,RR8_LVR_BSL_ISS-T_OLD_BI9,Mus musculus,NCBITAXON,BALB/cAnNTac,,,Wild Type,NCIT,Female,MESH,Left Lobe of the Liver,NCIT,Basal Control,,0,day,UO,Taconic Biosciences,On Earth,,,Carcass,,,32,week,UO,Animal Husbandry,12 h light/dark cycle,Nutrient Upgraded Rodent Food Bar (NuRFB),OSD,ad libitum,,,Sample Collection,Not applicable,6-Dec-18,9-Dec-19 and 7-Jan-20 to 9-Jan-20,ketamine/xylazine overdose and exsanguination/double thoracotomy,OSD,-80.0,degree Celsius,UO,Liquid Nitrogen,NCIT,-80,degree Celsius,UO
9,BL_ISS_11,RR8_LVR_BSL_ISS-T_YNG_BI11,Mus musculus,NCBITAXON,BALB/cAnNTac,,,Wild Type,NCIT,Female,MESH,Left Lobe of the Liver,NCIT,Basal Control,,0,day,UO,Taconic Biosciences,On Earth,,,Carcass,,,10 to 12,week,UO,Animal Husbandry,12 h light/dark cycle,Nutrient Upgraded Rodent Food Bar (NuRFB),OSD,ad libitum,,,Sample Collection,Not applicable,6-Dec-18,9-Dec-19 and 7-Jan-20 to 9-Jan-20,ketamine/xylazine overdose and exsanguination/double thoracotomy,OSD,-80.0,degree Celsius,UO,Liquid Nitrogen,NCIT,-80,degree Celsius,UO
10,BL_ISS_12,RR8_LVR_BSL_ISS-T_YNG_BI12,Mus musculus,NCBITAXON,BALB/cAnNTac,,,Wild Type,NCIT,Female,MESH,Left Lobe of the Liver,NCIT,Basal Control,,0,day,UO,Taconic Biosciences,On Earth,,,Carcass,,,10 to 12,week,UO,Animal Husbandry,12 h light/dark cycle,Nutrient Upgraded Rodent Food Bar (NuRFB),OSD,ad libitum,,,Sample Collection,Not applicable,6-Dec-18,9-Dec-19 and 7-Jan-20 to 9-Jan-20,ketamine/xylazine overdose and exsanguination/double thoracotomy,OSD,-80.0,degree Celsius,UO,Liquid Nitrogen,NCIT,-80,degree Celsius,UO
11,BL_ISS_13,RR8_LVR_BSL_ISS-T_YNG_BI13,Mus musculus,NCBITAXON,BALB/cAnNTac,,,Wild Type,NCIT,Female,MESH,Left Lobe of the Liver,NCIT,Basal Control,,0,day,UO,Taconic Biosciences,On Earth,,,Carcass,,,10 to 12,week,UO,Animal Husbandry,12 h light/dark cycle,Nutrient Upgraded Rodent Food Bar (NuRFB),OSD,ad libitum,,,Sample Collection,Not applicable,6-Dec-18,9-Dec-19 and 7-Jan-20 to 9-Jan-20,ketamine/xylazine overdose and exsanguination/double thoracotomy,OSD,-80.0,degree Celsius,UO,Liquid Nitrogen,NCIT,-80,degree Celsius,UO
12,BL_ISS_14,RR8_LVR_BSL_ISS-T_YNG_BI14,Mus musculus,NCBITAXON,BALB/cAnNTac,,,Wild Type,NCIT,Female,MESH,Left Lobe of the Liver,NCIT,Basal Control,,0,day,UO,Taconic Biosciences,On Earth,,,Carcass,,,10 to 12,week,UO,Animal Husbandry,12 h light/dark cycle,Nutrient Upgraded Rodent Food Bar (NuRFB),OSD,ad libitum,,,Sample Collection,Not applicable,6-Dec-18,9-Dec-19 and 7-Jan-20 to 9-Jan-20,ketamine/xylazine overdose and exsanguination/double thoracotomy,OSD,-80.0,degree Celsius,UO,Liquid Nitrogen,NCIT,-80,degree Celsius,UO
13,BL_ISS_15,RR8_LVR_BSL_ISS-T_YNG_BI15,Mus musculus,NCBITAXON,BALB/cAnNTac,,,Wild Type,NCIT,Female,MESH,Left Lobe of the Liver,NCIT,Basal Control,,0,day,UO,Taconic Biosciences,On Earth,,,Carcass,,,10 to 12,week,UO,Animal Husbandry,12 h light/dark cycle,Nutrient Upgraded Rodent Food Bar (NuRFB),OSD,ad libitum,,,Sample Collection,Not applicable,6-Dec-18,9-Dec-19 and 7-Jan-20 to 9-Jan-20,ketamine/xylazine overdose and exsanguination/double thoracotomy,OSD,-80.0,degree Celsius,UO,Liquid Nitrogen,NCIT,-80,degree Celsius,UO
14,BL_ISS_16,RR8_LVR_BSL_ISS-T_YNG_BI16,Mus musculus,NCBITAXON,BALB/cAnNTac,,,Wild Type,NCIT,Female,MESH,Left Lobe of the Liver,NCIT,Basal Control,,0,day,UO,Taconic Biosciences,On Earth,,,Carcass,,,10 to 12,week,UO,Animal Husbandry,12 h light/dark cycle,Nutrient Upgraded Rodent Food Bar (NuRFB),OSD,ad libitum,,,Sample Collection,Not applicable,6-Dec-18,9-Dec-19 and 7-Jan-20 to 9-Jan-20,ketamine/xylazine overdose and exsanguination/double thoracotomy,OSD,-80.0,degree Celsius,UO,Liquid Nitrogen,NCIT,-80,degree Celsius,UO
15,BL_ISS_17,RR8_LVR_BSL_ISS-T_YNG_BI17,Mus musculus,NCBITAXON,BALB/cAnNTac,,,Wild Type,NCIT,Female,MESH,Left Lobe of the Liver,NCIT,Basal Control,,0,day,UO,Taconic Biosciences,On Earth,,,Carcass,,,10 to 12,week,UO,Animal Husbandry,12 h light/dark cycle,Nutrient Upgraded Rodent Food Bar (NuRFB),OSD,ad libitum,,,Sample Collection,Not applicable,6-Dec-18,9-Dec-19 and 7-Jan-20 to 9-Jan-20,ketamine/xylazine overdose and exsanguination/double thoracotomy,OSD,-80.0,degree Celsius,UO,Liquid Nitrogen,NCIT,-80,degree Celsius,UO
16,BL_ISS_18,RR8_LVR_BSL_ISS-T_YNG_BI18,Mus musculus,NCBITAXON,BALB/cAnNTac,,,Wild Type,NCIT,Female,MESH,Left Lobe of the Liver,NCIT,Basal Control,,0,day,UO,Taconic Biosciences,On Earth,,,Carcass,,,10 to 12,week,UO,Animal Husbandry,12 h light/dark cycle,Nutrient Upgraded Rodent Food Bar (NuRFB),OSD,ad libitum,,,Sample Collection,Not applicable,6-Dec-18,9-Dec-19 and 7-Jan-20 to 9-Jan-20,ketamine/xylazine overdose and exsanguination/double thoracotomy,OSD,-80.0,degree Celsius,UO,Liquid Nitrogen,NCIT,-80,degree Celsius,UO
17,BL_ISS_19,RR8_LVR_BSL_ISS-T_YNG_BI19,Mus musculus,NCBITAXON,BALB/cAnNTac,,,Wild Type,NCIT,Female,MESH,Left Lobe of the Liver,NCIT,Basal Control,,0,day,UO,Taconic Biosciences,On Earth,,,Carcass,,,10 to 12,week,UO,Animal Husbandry,12 h light/dark cycle,Nutrient Upgraded Rodent Food Bar (NuRFB),OSD,ad libitum,,,Sample Collection,Not applicable,6-Dec-18,9-Dec-19 and 7-Jan-20 to 9-Jan-20,ketamine/xylazine overdose and exsanguination/double thoracotomy,OSD,-80.0,degree Celsius,UO,Liquid Nitrogen,NCIT,-80,degree Celsius,UO
18,BL_ISS_20,RR8_LVR_BSL_ISS-T_YNG_BI20,Mus musculus,NCBITAXON,BALB/cAnNTac,,,Wild Type,NCIT,Female,MESH,Left Lobe of the Liver,NCIT,Basal Control,,0,day,UO,Taconic Biosciences,On Earth,,,Carcass,,,10 to 12,week,UO,Animal Husbandry,12 h light/dark cycle,Nutrient Upgraded Rodent Food Bar (NuRFB),OSD,ad libitum,,,Sample Collection,Not applicable,6-Dec-18,9-Dec-19 and 7-Jan-20 to 9-Jan-20,ketamine/xylazine overdose and exsanguination/double thoracotomy,OSD,-80.0,degree Celsius,UO,Liquid Nitrogen,NCIT,-80,degree Celsius,UO
19,BL_LAR_01,RR8_LVR_BSL_LAR_YNG_BL1,Mus musculus,NCBITAXON,BALB/cAnNTac,,,Wild Type,NCIT,Female,MESH,Left Lobe of the Liver,NCIT,Basal Control,,0,day,UO,Taconic Biosciences,On Earth,,,Upon euthanasia,,,10 to 12,week,UO,Animal Husbandry,12 h light/dark cycle,Nutrient Upgraded Rodent Food Bar (NuRFB),OSD,ad libitum,,,Sample Collection,Not applicable,5-Dec-18 to 6-Dec-18,5-Dec-18 to 6-Dec-18,ketamine/xylazine overdose and exsanguination/double thoracotomy,OSD,,Not Applicable,NCIT,Liquid Nitrogen,NCIT,-80,degree Celsius,UO
20,BL_LAR_02,RR8_LVR_BSL_LAR_YNG_BL2,Mus musculus,NCBITAXON,BALB/cAnNTac,,,Wild Type,NCIT,Female,MESH,Left Lobe of the Liver,NCIT,Basal Control,,0,day,UO,Taconic Biosciences,On Earth,,,Upon euthanasia,,,10 to 12,week,UO,Animal Husbandry,12 h light/dark cycle,Nutrient Upgraded Rodent Food Bar (NuRFB),OSD,ad libitum,,,Sample Collection,Not applicable,5-Dec-18 to 6-Dec-18,5-Dec-18 to 6-Dec-18,ketamine/xylazine overdose and exsanguination/double thoracotomy,OSD,,Not Applicable,NCIT,Liquid Nitrogen,NCIT,-80,degree Celsius,UO
21,BL_LAR_04,RR8_LVR_BSL_LAR_YNG_BL4,Mus musculus,NCBITAXON,BALB/cAnNTac,,,Wild Type,NCIT,Female,MESH,Left Lobe of the Liver,NCIT,Basal Control,,0,day,UO,Taconic Biosciences,On Earth,,,Upon euthanasia,,,10 to 12,week,UO,Animal Husbandry,12 h light/dark cycle,Nutrient Upgraded Rodent Food Bar (NuRFB),OSD,ad libitum,,,Sample Collection,Not applicable,5-Dec-18 to 6-Dec-18,5-Dec-18 to 6-Dec-18,ketamine/xylazine overdose and exsanguination/double thoracotomy,OSD,,Not Applicable,NCIT,Liquid Nitrogen,NCIT,-80,degree Celsius,UO
22,BL_LAR_05,RR8_LVR_BSL_LAR_YNG_BL5,Mus musculus,NCBITAXON,BALB/cAnNTac,,,Wild Type,NCIT,Female,MESH,Left Lobe of the Liver,NCIT,Basal Control,,0,day,UO,Taconic Biosciences,On Earth,,,Upon euthanasia,,,10 to 12,week,UO,Animal Husbandry,12 h light/dark cycle,Nutrient Upgraded Rodent Food Bar (NuRFB),OSD,ad libitum,,,Sample Collection,Not applicable,5-Dec-18 to 6-Dec-18,5-Dec-18 to 6-Dec-18,ketamine/xylazine overdose and exsanguination/double thoracotomy,OSD,,Not Applicable,NCIT,Liquid Nitrogen,NCIT,-80,degree Celsius,UO
23,BL_LAR_06,RR8_LVR_BSL_LAR_YNG_BL6,Mus musculus,NCBITAXON,BALB/cAnNTac,,,Wild Type,NCIT,Female,MESH,Left Lobe of the Liver,NCIT,Basal Control,,0,day,UO,Taconic Biosciences,On Earth,,,Upon euthanasia,,,10 to 12,week,UO,Animal Husbandry,12 h light/dark cycle,Nutrient Upgraded Rodent Food Bar (NuRFB),OSD,ad libitum,,,Sample Collection,Not applicable,5-Dec-18 to 6-Dec-18,5-Dec-18 to 6-Dec-18,ketamine/xylazine overdose and exsanguination/double thoracotomy,OSD,,Not Applicable,NCIT,Liquid Nitrogen,NCIT,-80,degree Celsius,UO
24,BL_LAR_07,RR8_LVR_BSL_LAR_YNG_BL7,Mus musculus,NCBITAXON,BALB/cAnNTac,,,Wild Type,NCIT,Female,MESH,Left Lobe of the Liver,NCIT,Basal Control,,0,day,UO,Taconic Biosciences,On Earth,,,Upon euthanasia,,,10 to 12,week,UO,Animal Husbandry,12 h light/dark cycle,Nutrient Upgraded Rodent Food Bar (NuRFB),OSD,ad libitum,,,Sample Collection,Not applicable,5-Dec-18 to 6-Dec-18,5-Dec-18 to 6-Dec-18,ketamine/xylazine overdose and exsanguination/double thoracotomy,OSD,,Not Applicable,NCIT,Liquid Nitrogen,NCIT,-80,degree Celsius,UO
25,BL_LAR_08,RR8_LVR_BSL_LAR_YNG_BL8,Mus musculus,NCBITAXON,BALB/cAnNTac,,,Wild Type,NCIT,Female,MESH,Left Lobe of the Liver,NCIT,Basal Control,,0,day,UO,Taconic Biosciences,On Earth,,,Upon euthanasia,,,10 to 12,week,UO,Animal Husbandry,12 h light/dark cycle,Nutrient Upgraded Rodent Food Bar (NuRFB),OSD,ad libitum,,,Sample Collection,Not applicable,5-Dec-18 to 6-Dec-18,5-Dec-18 to 6-Dec-18,ketamine/xylazine overdose and exsanguination/double thoracotomy,OSD,,Not Applicable,NCIT,Liquid Nitrogen,NCIT,-80,degree Celsius,UO
26,BL_LAR_09,RR8_LVR_BSL_LAR_YNG_BL9,Mus musculus,NCBITAXON,BALB/cAnNTac,,,Wild Type,NCIT,Female,MESH,Left Lobe of the Liver,NCIT,Basal Control,,0,day,UO,Taconic Biosciences,On Earth,,,Upon euthanasia,,,10 to 12,week,UO,Animal Husbandry,12 h light/dark cycle,Nutrient Upgraded Rodent Food Bar (NuRFB),OSD,ad libitum,,,Sample Collection,Not applicable,5-Dec-18 to 6-Dec-18,5-Dec-18 to 6-Dec-18,ketamine/xylazine overdose and exsanguination/double thoracotomy,OSD,,Not Applicable,NCIT,Liquid Nitrogen,NCIT,-80,degree Celsius,UO
27,BL_LAR_10,RR8_LVR_BSL_LAR_YNG_BL10,Mus musculus,NCBITAXON,BALB/cAnNTac,,,Wild Type,NCIT,Female,MESH,Left Lobe of the Liver,NCIT,Basal Control,,0,day,UO,Taconic Biosciences,On Earth,,,Upon euthanasia,,,10 to 12,week,UO,Animal Husbandry,12 h light/dark cycle,Nutrient Upgraded Rodent Food Bar (NuRFB),OSD,ad libitum,,,Sample Collection,Not applicable,5-Dec-18 to 6-Dec-18,5-Dec-18 to 6-Dec-18,ketamine/xylazine overdose and exsanguination/double thoracotomy,OSD,,Not Applicable,NCIT,Liquid Nitrogen,NCIT,-80,degree Celsius,UO
28,BL_LAR_11,RR8_LVR_BSL_LAR_OLD_BL11,Mus musculus,NCBITAXON,BALB/cAnNTac,,,Wild Type,NCIT,Female,MESH,Left Lobe of the Liver,NCIT,Basal Control,,0,day,UO,Taconic Biosciences,On Earth,,,Upon euthanasia,,,32,week,UO,Animal Husbandry,12 h light/dark cycle,Nutrient Upgraded Rodent Food Bar (NuRFB),OSD,ad libitum,,,Sample Collection,Not applicable,5-Dec-18 to 6-Dec-18,5-Dec-18 to 6-Dec-18,ketamine/xylazine overdose and exsanguination/double thoracotomy,OSD,,Not Applicable,NCIT,Liquid Nitrogen,NCIT,-80,degree Celsius,UO
29,BL_LAR_12,RR8_LVR_BSL_LAR_OLD_BL12,Mus musculus,NCBITAXON,BALB/cAnNTac,,,Wild Type,NCIT,Female,MESH,Left Lobe of the Liver,NCIT,Basal Control,,0,day,UO,Taconic Biosciences,On Earth,,,Upon euthanasia,,,32,week,UO,Animal Husbandry,12 h light/dark cycle,Nutrient Upgraded Rodent Food Bar (NuRFB),OSD,ad libitum,,,Sample Collection,Not applicable,5-Dec-18 to 6-Dec-18,5-Dec-18 to 6-Dec-18,ketamine/xylazine overdose and exsanguination/double thoracotomy,OSD,,Not Applicable,NCIT,Liquid Nitrogen,NCIT,-80,degree Celsius,UO
30,BL_LAR_13,RR8_LVR_BSL_LAR_OLD_BL13,Mus musculus,NCBITAXON,BALB/cAnNTac,,,Wild Type,NCIT,Female,MESH,Left Lobe of the Liver,NCIT,Basal Control,,0,day,UO,Taconic Biosciences,On Earth,,,Upon euthanasia,,,32,week,UO,Animal Husbandry,12 h light/dark cycle,Nutrient Upgraded Rodent Food Bar (NuRFB),OSD,ad libitum,,,Sample Collection,Not applicable,5-Dec-18 to 6-Dec-18,5-Dec-18 to 6-Dec-18,ketamine/xylazine overdose and exsanguination/double thoracotomy,OSD,,Not Applicable,NCIT,Liquid Nitrogen,NCIT,-80,degree Celsius,UO
31,BL_LAR_14,RR8_LVR_BSL_LAR_OLD_BL14,Mus musculus,NCBITAXON,BALB/cAnNTac,,,Wild Type,NCIT,Female,MESH,Left Lobe of the Liver,NCIT,Basal Control,,0,day,UO,Taconic Biosciences,On Earth,,,Upon euthanasia,,,32,week,UO,Animal Husbandry,12 h light/dark cycle,Nutrient Upgraded Rodent Food Bar (NuRFB),OSD,ad libitum,,,Sample Collection,Not applicable,5-Dec-18 to 6-Dec-18,5-Dec-18 to 6-Dec-18,ketamine/xylazine overdose and exsanguination/double thoracotomy,OSD,,Not Applicable,NCIT,Liquid Nitrogen,NCIT,-80,degree Celsius,UO
32,BL_LAR_15,RR8_LVR_BSL_LAR_OLD_BL15,Mus musculus,NCBITAXON,BALB/cAnNTac,,,Wild Type,NCIT,Female,MESH,Left Lobe of the Liver,NCIT,Basal Control,,0,day,UO,Taconic Biosciences,On Earth,,,Upon euthanasia,,,32,week,UO,Animal Husbandry,12 h light/dark cycle,Nutrient Upgraded Rodent Food Bar (NuRFB),OSD,ad libitum,,,Sample Collection,Not applicable,5-Dec-18 to 6-Dec-18,5-Dec-18 to 6-Dec-18,ketamine/xylazine overdose and exsanguination/double thoracotomy,OSD,,Not Applicable,NCIT,Liquid Nitrogen,NCIT,-80,degree Celsius,UO
33,BL_LAR_16,RR8_LVR_BSL_LAR_OLD_BL16,Mus musculus,NCBITAXON,BALB/cAnNTac,,,Wild Type,NCIT,Female,MESH,Left Lobe of the Liver,NCIT,Basal Control,,0,day,UO,Taconic Biosciences,On Earth,,,Upon euthanasia,,,32,week,UO,Animal Husbandry,12 h light/dark cycle,Nutrient Upgraded Rodent Food Bar (NuRFB),OSD,ad libitum,,,Sample Collection,Not applicable,5-Dec-18 to 6-Dec-18,5-Dec-18 to 6-Dec-18,ketamine/xylazine overdose and exsanguination/double thoracotomy,OSD,,Not Applicable,NCIT,Liquid Nitrogen,NCIT,-80,degree Celsius,UO
34,BL_LAR_17,RR8_LVR_BSL_LAR_OLD_BL17,Mus musculus,NCBITAXON,BALB/cAnNTac,,,Wild Type,NCIT,Female,MESH,Left Lobe of the Liver,NCIT,Basal Control,,0,day,UO,Taconic Biosciences,On Earth,,,Upon euthanasia,,,32,week,UO,Animal Husbandry,12 h light/dark cycle,Nutrient Upgraded Rodent Food Bar (NuRFB),OSD,ad libitum,,,Sample Collection,Not applicable,5-Dec-18 to 6-Dec-18,5-Dec-18 to 6-Dec-18,ketamine/xylazine overdose and exsanguination/double thoracotomy,OSD,,Not Applicable,NCIT,Liquid Nitrogen,NCIT,-80,degree Celsius,UO
35,BL_LAR_18,RR8_LVR_BSL_LAR_OLD_BL18,Mus musculus,NCBITAXON,BALB/cAnNTac,,,Wild Type,NCIT,Female,MESH,Left Lobe of the Liver,NCIT,Basal Control,,0,day,UO,Taconic Biosciences,On Earth,,,Upon euthanasia,,,32,week,UO,Animal Husbandry,12 h light/dark cycle,Nutrient Upgraded Rodent Food Bar (NuRFB),OSD,ad libitum,,,Sample Collection,Not applicable,5-Dec-18 to 6-Dec-18,5-Dec-18 to 6-Dec-18,ketamine/xylazine overdose and exsanguination/double thoracotomy,OSD,,Not Applicable,NCIT,Liquid Nitrogen,NCIT,-80,degree Celsius,UO
36,BL_LAR_19,RR8_LVR_BSL_LAR_OLD_BL19,Mus musculus,NCBITAXON,BALB/cAnNTac,,,Wild Type,NCIT,Female,MESH,Left Lobe of the Liver,NCIT,Basal Control,,0,day,UO,Taconic Biosciences,On Earth,,,Upon euthanasia,,,32,week,UO,Animal Husbandry,12 h light/dark cycle,Nutrient Upgraded Rodent Food Bar (NuRFB),OSD,ad libitum,,,Sample Collection,Not applicable,5-Dec-18 to 6-Dec-18,5-Dec-18 to 6-Dec-18,ketamine/xylazine overdose and exsanguination/double thoracotomy,OSD,,Not Applicable,NCIT,Liquid Nitrogen,NCIT,-80,degree Celsius,UO
37,BL_LAR_20,RR8_LVR_BSL_LAR_OLD_BL20,Mus musculus,NCBITAXON,BALB/cAnNTac,,,Wild Type,NCIT,Female,MESH,Left Lobe of the Liver,NCIT,Basal Control,,0,day,UO,Taconic Biosciences,On Earth,,,Upon euthanasia,,,32,week,UO,Animal Husbandry,12 h light/dark cycle,Nutrient Upgraded Rodent Food Bar (NuRFB),OSD,ad libitum,,,Sample Collection,Not applicable,5-Dec-18 to 6-Dec-18,5-Dec-18 to 6-Dec-18,ketamine/xylazine overdose and exsanguination/double thoracotomy,OSD,,Not Applicable,NCIT,Liquid Nitrogen,NCIT,-80,degree Celsius,UO
38,FL_ISS_01,RR8_LVR_FLT_ISS-T_YNG_FI1,Mus musculus,NCBITAXON,BALB/cAnNTac,,,Wild Type,NCIT,Female,MESH,Left Lobe of the Liver,NCIT,Space Flight,MESH,22 to 23,day,UO,Taconic Biosciences,On ISS,,,Carcass,,,10 to 12,week,UO,Animal Husbandry,12 h light/dark cycle,Nutrient Upgraded Rodent Food Bar (NuRFB),OSD,ad libitum,,,Sample Collection,Not applicable,27-Dec-18 to 28-Dec-18,27-Dec-18 to 28-Dec-18 and 7-Jan-20 to 9-Jan-20,ketamine/xylazine overdose and exsanguination/double thoracotomy,OSD,-80.0,degree Celsius,UO,Liquid Nitrogen,NCIT,-80,degree Celsius,UO
39,FL_ISS_02,RR8_LVR_FLT_ISS-T_YNG_FI2,Mus musculus,NCBITAXON,BALB/cAnNTac,,,Wild Type,NCIT,Female,MESH,Left Lobe of the Liver,NCIT,Space Flight,MESH,22 to 23,day,UO,Taconic Biosciences,On ISS,,,Carcass,,,10 to 12,week,UO,Animal Husbandry,12 h light/dark cycle,Nutrient Upgraded Rodent Food Bar (NuRFB),OSD,ad libitum,,,Sample Collection,Not applicable,27-Dec-18 to 28-Dec-18,27-Dec-18 to 28-Dec-18 and 7-Jan-20 to 9-Jan-20,ketamine/xylazine overdose and exsanguination/double thoracotomy,OSD,-80.0,degree Celsius,UO,Liquid Nitrogen,NCIT,-80,degree Celsius,UO
40,FL_ISS_03,RR8_LVR_FLT_ISS-T_YNG_FI3,Mus musculus,NCBITAXON,BALB/cAnNTac,,,Wild Type,NCIT,Female,MESH,Left Lobe of the Liver,NCIT,Space Flight,MESH,22 to 23,day,UO,Taconic Biosciences,On ISS,,,Carcass,,,10 to 12,week,UO,Animal Husbandry,12 h light/dark cycle,Nutrient Upgraded Rodent Food Bar (NuRFB),OSD,ad libitum,,,Sample Collection,Not applicable,27-Dec-18 to 28-Dec-18,27-Dec-18 to 28-Dec-18 and 7-Jan-20 to 9-Jan-20,ketamine/xylazine overdose and exsanguination/double thoracotomy,OSD,-80.0,degree Celsius,UO,Liquid Nitrogen,NCIT,-80,degree Celsius,UO
41,FL_ISS_04,RR8_LVR_FLT_ISS-T_YNG_FI4,Mus musculus,NCBITAXON,BALB/cAnNTac,,,Wild Type,NCIT,Female,MESH,Left Lobe of the Liver,NCIT,Space Flight,MESH,22 to 23,day,UO,Taconic Biosciences,On ISS,,,Carcass,,,10 to 12,week,UO,Animal Husbandry,12 h light/dark cycle,Nutrient Upgraded Rodent Food Bar (NuRFB),OSD,ad libitum,,,Sample Collection,Not applicable,27-Dec-18 to 28-Dec-18,27-Dec-18 to 28-Dec-18 and 7-Jan-20 to 9-Jan-20,ketamine/xylazine overdose and exsanguination/double thoracotomy,OSD,-80.0,degree Celsius,UO,Liquid Nitrogen,NCIT,-80,degree Celsius,UO
42,FL_ISS_05,RR8_LVR_FLT_ISS-T_YNG_FI5,Mus musculus,NCBITAXON,BALB/cAnNTac,,,Wild Type,NCIT,Female,MESH,Left Lobe of the Liver,NCIT,Space Flight,MESH,22 to 23,day,UO,Taconic Biosciences,On ISS,,,Carcass,,,10 to 12,week,UO,Animal Husbandry,12 h light/dark cycle,Nutrient Upgraded Rodent Food Bar (NuRFB),OSD,ad libitum,,,Sample Collection,Not applicable,27-Dec-18 to 28-Dec-18,27-Dec-18 to 28-Dec-18 and 7-Jan-20 to 9-Jan-20,ketamine/xylazine overdose and exsanguination/double thoracotomy,OSD,-80.0,degree Celsius,UO,Liquid Nitrogen,NCIT,-80,degree Celsius,UO
43,FL_ISS_06,RR8_LVR_FLT_ISS-T_YNG_FI6,Mus musculus,NCBITAXON,BALB/cAnNTac,,,Wild Type,NCIT,Female,MESH,Left Lobe of the Liver,NCIT,Space Flight,MESH,22 to 23,day,UO,Taconic Biosciences,On ISS,,,Carcass,,,10 to 12,week,UO,Animal Husbandry,12 h light/dark cycle,Nutrient Upgraded Rodent Food Bar (NuRFB),OSD,ad libitum,,,Sample Collection,Not applicable,27-Dec-18 to 28-Dec-18,27-Dec-18 to 28-Dec-18 and 7-Jan-20 to 9-Jan-20,ketamine/xylazine overdose and exsanguination/double thoracotomy,OSD,-80.0,degree Celsius,UO,Liquid Nitrogen,NCIT,-80,degree Celsius,UO
44,FL_ISS_07,RR8_LVR_FLT_ISS-T_YNG_FI7,Mus musculus,NCBITAXON,BALB/cAnNTac,,,Wild Type,NCIT,Female,MESH,Left Lobe of the Liver,NCIT,Space Flight,MESH,22 to 23,day,UO,Taconic Biosciences,On ISS,,,Carcass,,,10 to 12,week,UO,Animal Husbandry,12 h light/dark cycle,Nutrient Upgraded Rodent Food Bar (NuRFB),OSD,ad libitum,,,Sample Collection,Not applicable,27-Dec-18 to 28-Dec-18,27-Dec-18 to 28-Dec-18 and 7-Jan-20 to 9-Jan-20,ketamine/xylazine overdose and exsanguination/double thoracotomy,OSD,-80.0,degree Celsius,UO,Liquid Nitrogen,NCIT,-80,degree Celsius,UO
45,FL_ISS_08,RR8_LVR_FLT_ISS-T_YNG_FI8,Mus musculus,NCBITAXON,BALB/cAnNTac,,,Wild Type,NCIT,Female,MESH,Left Lobe of the Liver,NCIT,Space Flight,MESH,22 to 23,day,UO,Taconic Biosciences,On ISS,,,Carcass,,,10 to 12,week,UO,Animal Husbandry,12 h light/dark cycle,Nutrient Upgraded Rodent Food Bar (NuRFB),OSD,ad libitum,,,Sample Collection,Not applicable,27-Dec-18 to 28-Dec-18,27-Dec-18 to 28-Dec-18 and 7-Jan-20 to 9-Jan-20,ketamine/xylazine overdose and exsanguination/double thoracotomy,OSD,-80.0,degree Celsius,UO,Liquid Nitrogen,NCIT,-80,degree Celsius,UO
46,FL_ISS_09,RR8_LVR_FLT_ISS-T_YNG_FI9,Mus musculus,NCBITAXON,BALB/cAnNTac,,,Wild Type,NCIT,Female,MESH,Left Lobe of the Liver,NCIT,Space Flight,MESH,22 to 23,day,UO,Taconic Biosciences,On ISS,,,Carcass,,,10 to 12,week,UO,Animal Husbandry,12 h light/dark cycle,Nutrient Upgraded Rodent Food Bar (NuRFB),OSD,ad libitum,,,Sample Collection,Not applicable,27-Dec-18 to 28-Dec-18,27-Dec-18 to 28-Dec-18 and 7-Jan-20 to 9-Jan-20,ketamine/xylazine overdose and exsanguination/double thoracotomy,OSD,-80.0,degree Celsius,UO,Liquid Nitrogen,NCIT,-80,degree Celsius,UO
47,FL_ISS_10,RR8_LVR_FLT_ISS-T_YNG_FI10,Mus musculus,NCBITAXON,BALB/cAnNTac,,,Wild Type,NCIT,Female,MESH,Left Lobe of the Liver,NCIT,Space Flight,MESH,22 to 23,day,UO,Taconic Biosciences,On ISS,,,Carcass,,,10 to 12,week,UO,Animal Husbandry,12 h light/dark cycle,Nutrient Upgraded Rodent Food Bar (NuRFB),OSD,ad libitum,,,Sample Collection,Not applicable,27-Dec-18 to 28-Dec-18,27-Dec-18 to 28-Dec-18 and 7-Jan-20 to 9-Jan-20,ketamine/xylazine overdose and exsanguination/double thoracotomy,OSD,-80.0,degree Celsius,UO,Liquid Nitrogen,NCIT,-80,degree Celsius,UO
48,FL_ISS_11,RR8_LVR_FLT_ISS-T_OLD_FI11,Mus musculus,NCBITAXON,BALB/cAnNTac,,,Wild Type,NCIT,Female,MESH,Left Lobe of the Liver,NCIT,Space Flight,MESH,22 to 23,day,UO,Taconic Biosciences,On ISS,,,Carcass,,,32,week,UO,Animal Husbandry,12 h light/dark cycle,Nutrient Upgraded Rodent Food Bar (NuRFB),OSD,ad libitum,,,Sample Collection,Not applicable,27-Dec-18 to 28-Dec-18,27-Dec-18 to 28-Dec-18 and 7-Jan-20 to 9-Jan-20,ketamine/xylazine overdose and exsanguination/double thoracotomy,OSD,-80.0,degree Celsius,UO,Liquid Nitrogen,NCIT,-80,degree Celsius,UO
49,FL_ISS_12,RR8_LVR_FLT_ISS-T_OLD_FI12,Mus musculus,NCBITAXON,BALB/cAnNTac,,,Wild Type,NCIT,Female,MESH,Left Lobe of the Liver,NCIT,Space Flight,MESH,22 to 23,day,UO,Taconic Biosciences,On ISS,,,Carcass,,,32,week,UO,Animal Husbandry,12 h light/dark cycle,Nutrient Upgraded Rodent Food Bar (NuRFB),OSD,ad libitum,,,Sample Collection,Not applicable,27-Dec-18 to 28-Dec-18,27-Dec-18 to 28-Dec-18 and 7-Jan-20 to 9-Jan-20,ketamine/xylazine overdose and exsanguination/double thoracotomy,OSD,-80.0,degree Celsius,UO,Liquid Nitrogen,NCIT,-80,degree Celsius,UO
50,FL_ISS_13,RR8_LVR_FLT_ISS-T_OLD_FI13,Mus musculus,NCBITAXON,BALB/cAnNTac,,,Wild Type,NCIT,Female,MESH,Left Lobe of the Liver,NCIT,Space Flight,MESH,22 to 23,day,UO,Taconic Biosciences,On ISS,,,Carcass,,,32,week,UO,Animal Husbandry,12 h light/dark cycle,Nutrient Upgraded Rodent Food Bar (NuRFB),OSD,ad libitum,,,Sample Collection,Not applicable,27-Dec-18 to 28-Dec-18,27-Dec-18 to 28-Dec-18 and 7-Jan-20 to 9-Jan-20,ketamine/xylazine overdose and exsanguination/double thoracotomy,OSD,-80.0,degree Celsius,UO,Liquid Nitrogen,NCIT,-80,degree Celsius,UO
51,FL_ISS_14,RR8_LVR_FLT_ISS-T_OLD_FI14,Mus musculus,NCBITAXON,BALB/cAnNTac,,,Wild Type,NCIT,Female,MESH,Left Lobe of the Liver,NCIT,Space Flight,MESH,22 to 23,day,UO,Taconic Biosciences,On ISS,,,Carcass,,,32,week,UO,Animal Husbandry,12 h light/dark cycle,Nutrient Upgraded Rodent Food Bar (NuRFB),OSD,ad libitum,,,Sample Collection,Not applicable,27-Dec-18 to 28-Dec-18,27-Dec-18 to 28-Dec-18 and 7-Jan-20 to 9-Jan-20,ketamine/xylazine overdose and exsanguination/double thoracotomy,OSD,-80.0,degree Celsius,UO,Liquid Nitrogen,NCIT,-80,degree Celsius,UO
52,FL_ISS_15,RR8_LVR_FLT_ISS-T_OLD_FI15,Mus musculus,NCBITAXON,BALB/cAnNTac,,,Wild Type,NCIT,Female,MESH,Left Lobe of the Liver,NCIT,Space Flight,MESH,22 to 23,day,UO,Taconic Biosciences,On ISS,,,Carcass,,,32,week,UO,Animal Husbandry,12 h light/dark cycle,Nutrient Upgraded Rodent Food Bar (NuRFB),OSD,ad libitum,,,Sample Collection,Not applicable,27-Dec-18 to 28-Dec-18,27-Dec-18 to 28-Dec-18 and 7-Jan-20 to 9-Jan-20,ketamine/xylazine overdose and exsanguination/double thoracotomy,OSD,-80.0,degree Celsius,UO,Liquid Nitrogen,NCIT,-80,degree Celsius,UO
53,FL_ISS_16,RR8_LVR_FLT_ISS-T_OLD_FI16,Mus musculus,NCBITAXON,BALB/cAnNTac,,,Wild Type,NCIT,Female,MESH,Left Lobe of the Liver,NCIT,Space Flight,MESH,22 to 23,day,UO,Taconic Biosciences,On ISS,,,Carcass,,,32,week,UO,Animal Husbandry,12 h light/dark cycle,Nutrient Upgraded Rodent Food Bar (NuRFB),OSD,ad libitum,,,Sample Collection,Not applicable,27-Dec-18 to 28-Dec-18,27-Dec-18 to 28-Dec-18 and 7-Jan-20 to 9-Jan-20,ketamine/xylazine overdose and exsanguination/double thoracotomy,OSD,-80.0,degree Celsius,UO,Liquid Nitrogen,NCIT,-80,degree Celsius,UO
54,FL_ISS_17,RR8_LVR_FLT_ISS-T_OLD_FI17,Mus musculus,NCBITAXON,BALB/cAnNTac,,,Wild Type,NCIT,Female,MESH,Left Lobe of the Liver,NCIT,Space Flight,MESH,22 to 23,day,UO,Taconic Biosciences,On ISS,,,Carcass,,,32,week,UO,Animal Husbandry,12 h light/dark cycle,Nutrient Upgraded Rodent Food Bar (NuRFB),OSD,ad libitum,,,Sample Collection,Not applicable,27-Dec-18 to 28-Dec-18,27-Dec-18 to 28-Dec-18 and 7-Jan-20 to 9-Jan-20,ketamine/xylazine overdose and exsanguination/double thoracotomy,OSD,-80.0,degree Celsius,UO,Liquid Nitrogen,NCIT,-80,degree Celsius,UO
55,FL_ISS_18,RR8_LVR_FLT_ISS-T_OLD_FI18,Mus musculus,NCBITAXON,BALB/cAnNTac,,,Wild Type,NCIT,Female,MESH,Left Lobe of the Liver,NCIT,Space Flight,MESH,22 to 23,day,UO,Taconic Biosciences,On ISS,,,Carcass,,,32,week,UO,Animal Husbandry,12 h light/dark cycle,Nutrient Upgraded Rodent Food Bar (NuRFB),OSD,ad libitum,,,Sample Collection,Not applicable,27-Dec-18 to 28-Dec-18,27-Dec-18 to 28-Dec-18 and 7-Jan-20 to 9-Jan-20,ketamine/xylazine overdose and exsanguination/double thoracotomy,OSD,-80.0,degree Celsius,UO,Liquid Nitrogen,NCIT,-80,degree Celsius,UO
56,FL_ISS_19,RR8_LVR_FLT_ISS-T_OLD_FI19,Mus musculus,NCBITAXON,BALB/cAnNTac,,,Wild Type,NCIT,Female,MESH,Left Lobe of the Liver,NCIT,Space Flight,MESH,22 to 23,day,UO,Taconic Biosciences,On ISS,,,Carcass,,,32,week,UO,Animal Husbandry,12 h light/dark cycle,Nutrient Upgraded Rodent Food Bar (NuRFB),OSD,ad libitum,,,Sample Collection,Not applicable,27-Dec-18 to 28-Dec-18,27-Dec-18 to 28-Dec-18 and 7-Jan-20 to 9-Jan-20,ketamine/xylazine overdose and exsanguination/double thoracotomy,OSD,-80.0,degree Celsius,UO,Liquid Nitrogen,NCIT,-80,degree Celsius,UO
57,FL_ISS_20,RR8_LVR_FLT_ISS-T_OLD_FI20,Mus musculus,NCBITAXON,BALB/cAnNTac,,,Wild Type,NCIT,Female,MESH,Left Lobe of the Liver,NCIT,Space Flight,MESH,22 to 23,day,UO,Taconic Biosciences,On ISS,,,Carcass,,,32,week,UO,Animal Husbandry,12 h light/dark cycle,Nutrient Upgraded Rodent Food Bar (NuRFB),OSD,ad libitum,,,Sample Collection,Not applicable,27-Dec-18 to 28-Dec-18,27-Dec-18 to 28-Dec-18 and 7-Jan-20 to 9-Jan-20,ketamine/xylazine overdose and exsanguination/double thoracotomy,OSD,-80.0,degree Celsius,UO,Liquid Nitrogen,NCIT,-80,degree Celsius,UO
58,FL_LAR_01,RR8_LVR_FLT_LAR_YNG_FL1,Mus musculus,NCBITAXON,BALB/cAnNTac,,,Wild Type,NCIT,Female,MESH,Left Lobe of the Liver,NCIT,Space Flight,MESH,~40,day,UO,Taconic Biosciences,On Earth,,,Upon euthanasia,,,10 to 12,week,UO,Animal Husbandry,12 h light/dark cycle,Nutrient Upgraded Rodent Food Bar (NuRFB),OSD,ad libitum,,,Sample Collection,15-Jan-19,16-Jan-19,16-Jan-19,ketamine/xylazine overdose and exsanguination/double thoracotomy,OSD,,Not Applicable,NCIT,Liquid Nitrogen,NCIT,-80,degree Celsius,UO
59,FL_LAR_02,RR8_LVR_FLT_LAR_YNG_FL2,Mus musculus,NCBITAXON,BALB/cAnNTac,,,Wild Type,NCIT,Female,MESH,Left Lobe of the Liver,NCIT,Space Flight,MESH,~40,day,UO,Taconic Biosciences,On Earth,,,Upon euthanasia,,,10 to 12,week,UO,Animal Husbandry,12 h light/dark cycle,Nutrient Upgraded Rodent Food Bar (NuRFB),OSD,ad libitum,,,Sample Collection,15-Jan-19,16-Jan-19,16-Jan-19,ketamine/xylazine overdose and exsanguination/double thoracotomy,OSD,,Not Applicable,NCIT,Liquid Nitrogen,NCIT,-80,degree Celsius,UO
60,FL_LAR_03,RR8_LVR_FLT_LAR_OLD_FL3,Mus musculus,NCBITAXON,BALB/cAnNTac,,,Wild Type,NCIT,Female,MESH,Left Lobe of the Liver,NCIT,Space Flight,MESH,~40,day,UO,Taconic Biosciences,On Earth,,,Upon euthanasia,,,32,week,UO,Animal Husbandry,12 h light/dark cycle,Nutrient Upgraded Rodent Food Bar (NuRFB),OSD,ad libitum,,,Sample Collection,15-Jan-19,16-Jan-19,16-Jan-19,ketamine/xylazine overdose and exsanguination/double thoracotomy,OSD,,Not Applicable,NCIT,Liquid Nitrogen,NCIT,-80,degree Celsius,UO
61,FL_LAR_04,RR8_LVR_FLT_LAR_OLD_FL4,Mus musculus,NCBITAXON,BALB/cAnNTac,,,Wild Type,NCIT,Female,MESH,Left Lobe of the Liver,NCIT,Space Flight,MESH,~40,day,UO,Taconic Biosciences,On Earth,,,Upon euthanasia,,,32,week,UO,Animal Husbandry,12 h light/dark cycle,Nutrient Upgraded Rodent Food Bar (NuRFB),OSD,ad libitum,,,Sample Collection,15-Jan-19,16-Jan-19,16-Jan-19,ketamine/xylazine overdose and exsanguination/double thoracotomy,OSD,,Not Applicable,NCIT,Liquid Nitrogen,NCIT,-80,degree Celsius,UO
62,FL_LAR_05,RR8_LVR_FLT_LAR_YNG_FL5,Mus musculus,NCBITAXON,BALB/cAnNTac,,,Wild Type,NCIT,Female,MESH,Left Lobe of the Liver,NCIT,Space Flight,MESH,~40,day,UO,Taconic Biosciences,On Earth,,,Upon euthanasia,,,10 to 12,week,UO,Animal Husbandry,12 h light/dark cycle,Nutrient Upgraded Rodent Food Bar (NuRFB),OSD,ad libitum,,,Sample Collection,15-Jan-19,16-Jan-19,16-Jan-19,ketamine/xylazine overdose and exsanguination/double thoracotomy,OSD,,Not Applicable,NCIT,Liquid Nitrogen,NCIT,-80,degree Celsius,UO
63,FL_LAR_06,RR8_LVR_FLT_LAR_YNG_FL6,Mus musculus,NCBITAXON,BALB/cAnNTac,,,Wild Type,NCIT,Female,MESH,Left Lobe of the Liver,NCIT,Space Flight,MESH,~40,day,UO,Taconic Biosciences,On Earth,,,Upon euthanasia,,,10 to 12,week,UO,Animal Husbandry,12 h light/dark cycle,Nutrient Upgraded Rodent Food Bar (NuRFB),OSD,ad libitum,,,Sample Collection,15-Jan-19,16-Jan-19,16-Jan-19,ketamine/xylazine overdose and exsanguination/double thoracotomy,OSD,,Not Applicable,NCIT,Liquid Nitrogen,NCIT,-80,degree Celsius,UO
64,FL_LAR_07,RR8_LVR_FLT_LAR_OLD_FL7,Mus musculus,NCBITAXON,BALB/cAnNTac,,,Wild Type,NCIT,Female,MESH,Left Lobe of the Liver,NCIT,Space Flight,MESH,~40,day,UO,Taconic Biosciences,On Earth,,,Upon euthanasia,,,32,week,UO,Animal Husbandry,12 h light/dark cycle,Nutrient Upgraded Rodent Food Bar (NuRFB),OSD,ad libitum,,,Sample Collection,15-Jan-19,16-Jan-19,16-Jan-19,ketamine/xylazine overdose and exsanguination/double thoracotomy,OSD,,Not Applicable,NCIT,Liquid Nitrogen,NCIT,-80,degree Celsius,UO
65,FL_LAR_08,RR8_LVR_FLT_LAR_OLD_FL8,Mus musculus,NCBITAXON,BALB/cAnNTac,,,Wild Type,NCIT,Female,MESH,Left Lobe of the Liver,NCIT,Space Flight,MESH,~40,day,UO,Taconic Biosciences,On Earth,,,Upon euthanasia,,,32,week,UO,Animal Husbandry,12 h light/dark cycle,Nutrient Upgraded Rodent Food Bar (NuRFB),OSD,ad libitum,,,Sample Collection,15-Jan-19,16-Jan-19,16-Jan-19,ketamine/xylazine overdose and exsanguination/double thoracotomy,OSD,,Not Applicable,NCIT,Liquid Nitrogen,NCIT,-80,degree Celsius,UO
66,FL_LAR_11,RR8_LVR_FLT_LAR_OLD_FL11,Mus musculus,NCBITAXON,BALB/cAnNTac,,,Wild Type,NCIT,Female,MESH,Left Lobe of the Liver,NCIT,Space Flight,MESH,~40,day,UO,Taconic Biosciences,On Earth,,,Upon euthanasia,,,32,week,UO,Animal Husbandry,12 h light/dark cycle,Nutrient Upgraded Rodent Food Bar (NuRFB),OSD,ad libitum,,,Sample Collection,15-Jan-19,16-Jan-19,16-Jan-19,ketamine/xylazine overdose and exsanguination/double thoracotomy,OSD,,Not Applicable,NCIT,Liquid Nitrogen,NCIT,-80,degree Celsius,UO
67,FL_LAR_13,RR8_LVR_FLT_LAR_YNG_FL13,Mus musculus,NCBITAXON,BALB/cAnNTac,,,Wild Type,NCIT,Female,MESH,Left Lobe of the Liver,NCIT,Space Flight,MESH,~40,day,UO,Taconic Biosciences,On Earth,,,Upon euthanasia,,,10 to 12,week,UO,Animal Husbandry,12 h light/dark cycle,Nutrient Upgraded Rodent Food Bar (NuRFB),OSD,ad libitum,,,Sample Collection,15-Jan-19,16-Jan-19,16-Jan-19,ketamine/xylazine overdose and exsanguination/double thoracotomy,OSD,,Not Applicable,NCIT,Liquid Nitrogen,NCIT,-80,degree Celsius,UO
68,FL_LAR_14,RR8_LVR_FLT_LAR_YNG_FL14,Mus musculus,NCBITAXON,BALB/cAnNTac,,,Wild Type,NCIT,Female,MESH,Left Lobe of the Liver,NCIT,Space Flight,MESH,~40,day,UO,Taconic Biosciences,On Earth,,,Upon euthanasia,,,10 to 12,week,UO,Animal Husbandry,12 h light/dark cycle,Nutrient Upgraded Rodent Food Bar (NuRFB),OSD,ad libitum,,,Sample Collection,15-Jan-19,16-Jan-19,16-Jan-19,ketamine/xylazine overdose and exsanguination/double thoracotomy,OSD,,Not Applicable,NCIT,Liquid Nitrogen,NCIT,-80,degree Celsius,UO
69,FL_LAR_15,RR8_LVR_FLT_LAR_OLD_FL15,Mus musculus,NCBITAXON,BALB/cAnNTac,,,Wild Type,NCIT,Female,MESH,Left Lobe of the Liver,NCIT,Space Flight,MESH,~40,day,UO,Taconic Biosciences,On Earth,,,Upon euthanasia,,,32,week,UO,Animal Husbandry,12 h light/dark cycle,Nutrient Upgraded Rodent Food Bar (NuRFB),OSD,ad libitum,,,Sample Collection,15-Jan-19,16-Jan-19,16-Jan-19,ketamine/xylazine overdose and exsanguination/double thoracotomy,OSD,,Not Applicable,NCIT,Liquid Nitrogen,NCIT,-80,degree Celsius,UO
70,FL_LAR_16,RR8_LVR_FLT_LAR_OLD_FL16,Mus musculus,NCBITAXON,BALB/cAnNTac,,,Wild Type,NCIT,Female,MESH,Left Lobe of the Liver,NCIT,Space Flight,MESH,~40,day,UO,Taconic Biosciences,On Earth,,,Upon euthanasia,,,32,week,UO,Animal Husbandry,12 h light/dark cycle,Nutrient Upgraded Rodent Food Bar (NuRFB),OSD,ad libitum,,,Sample Collection,15-Jan-19,16-Jan-19,16-Jan-19,ketamine/xylazine overdose and exsanguination/double thoracotomy,OSD,,Not Applicable,NCIT,Liquid Nitrogen,NCIT,-80,degree Celsius,UO
71,FL_LAR_17,RR8_LVR_FLT_LAR_YNG_FL17,Mus musculus,NCBITAXON,BALB/cAnNTac,,,Wild Type,NCIT,Female,MESH,Left Lobe of the Liver,NCIT,Space Flight,MESH,~40,day,UO,Taconic Biosciences,On Earth,,,Upon euthanasia,,,10 to 12,week,UO,Animal Husbandry,12 h light/dark cycle,Nutrient Upgraded Rodent Food Bar (NuRFB),OSD,ad libitum,,,Sample Collection,15-Jan-19,16-Jan-19,16-Jan-19,ketamine/xylazine overdose and exsanguination/double thoracotomy,OSD,,Not Applicable,NCIT,Liquid Nitrogen,NCIT,-80,degree Celsius,UO
72,FL_LAR_18,RR8_LVR_FLT_LAR_YNG_FL18,Mus musculus,NCBITAXON,BALB/cAnNTac,,,Wild Type,NCIT,Female,MESH,Left Lobe of the Liver,NCIT,Space Flight,MESH,~40,day,UO,Taconic Biosciences,On Earth,,,Upon euthanasia,,,10 to 12,week,UO,Animal Husbandry,12 h light/dark cycle,Nutrient Upgraded Rodent Food Bar (NuRFB),OSD,ad libitum,,,Sample Collection,15-Jan-19,16-Jan-19,16-Jan-19,ketamine/xylazine overdose and exsanguination/double thoracotomy,OSD,,Not Applicable,NCIT,Liquid Nitrogen,NCIT,-80,degree Celsius,UO
73,HC_ISS_01,RR8_LVR_GC_ISS-T_YNG_GI1,Mus musculus,NCBITAXON,BALB/cAnNTac,,,Wild Type,NCIT,Female,MESH,Left Lobe of the Liver,NCIT,Ground Control,,24,day,UO,Taconic Biosciences,On Earth,,,Carcass,,,10 to 12,week,UO,Animal Husbandry,12 h light/dark cycle,Nutrient Upgraded Rodent Food Bar (NuRFB),OSD,ad libitum,,,Sample Collection,Not applicable,29-Dec-18,29-Dec-18 and 7-Jan-20 to 9-Jan-20,ketamine/xylazine overdose and exsanguination/double thoracotomy,OSD,-80.0,degree Celsius,UO,Liquid Nitrogen,NCIT,-80,degree Celsius,UO
74,HC_ISS_02,RR8_LVR_GC_ISS-T_YNG_GI2,Mus musculus,NCBITAXON,BALB/cAnNTac,,,Wild Type,NCIT,Female,MESH,Left Lobe of the Liver,NCIT,Ground Control,,24,day,UO,Taconic Biosciences,On Earth,,,Carcass,,,10 to 12,week,UO,Animal Husbandry,12 h light/dark cycle,Nutrient Upgraded Rodent Food Bar (NuRFB),OSD,ad libitum,,,Sample Collection,Not applicable,29-Dec-18,29-Dec-18 and 7-Jan-20 to 9-Jan-20,ketamine/xylazine overdose and exsanguination/double thoracotomy,OSD,-80.0,degree Celsius,UO,Liquid Nitrogen,NCIT,-80,degree Celsius,UO
75,HC_ISS_03,RR8_LVR_GC_ISS-T_YNG_GI3,Mus musculus,NCBITAXON,BALB/cAnNTac,,,Wild Type,NCIT,Female,MESH,Left Lobe of the Liver,NCIT,Ground Control,,24,day,UO,Taconic Biosciences,On Earth,,,Carcass,,,10 to 12,week,UO,Animal Husbandry,12 h light/dark cycle,Nutrient Upgraded Rodent Food Bar (NuRFB),OSD,ad libitum,,,Sample Collection,Not applicable,29-Dec-18,29-Dec-18 and 7-Jan-20 to 9-Jan-20,ketamine/xylazine overdose and exsanguination/double thoracotomy,OSD,-80.0,degree Celsius,UO,Liquid Nitrogen,NCIT,-80,degree Celsius,UO
76,HC_ISS_04,RR8_LVR_GC_ISS-T_YNG_GI4,Mus musculus,NCBITAXON,BALB/cAnNTac,,,Wild Type,NCIT,Female,MESH,Left Lobe of the Liver,NCIT,Ground Control,,24,day,UO,Taconic Biosciences,On Earth,,,Carcass,,,10 to 12,week,UO,Animal Husbandry,12 h light/dark cycle,Nutrient Upgraded Rodent Food Bar (NuRFB),OSD,ad libitum,,,Sample Collection,Not applicable,29-Dec-18,29-Dec-18 and 7-Jan-20 to 9-Jan-20,ketamine/xylazine overdose and exsanguination/double thoracotomy,OSD,-80.0,degree Celsius,UO,Liquid Nitrogen,NCIT,-80,degree Celsius,UO
77,HC_ISS_05,RR8_LVR_GC_ISS-T_YNG_GI5,Mus musculus,NCBITAXON,BALB/cAnNTac,,,Wild Type,NCIT,Female,MESH,Left Lobe of the Liver,NCIT,Ground Control,,24,day,UO,Taconic Biosciences,On Earth,,,Carcass,,,10 to 12,week,UO,Animal Husbandry,12 h light/dark cycle,Nutrient Upgraded Rodent Food Bar (NuRFB),OSD,ad libitum,,,Sample Collection,Not applicable,29-Dec-18,29-Dec-18 and 7-Jan-20 to 9-Jan-20,ketamine/xylazine overdose and exsanguination/double thoracotomy,OSD,-80.0,degree Celsius,UO,Liquid Nitrogen,NCIT,-80,degree Celsius,UO
78,HC_ISS_06,RR8_LVR_GC_ISS-T_YNG_GI6,Mus musculus,NCBITAXON,BALB/cAnNTac,,,Wild Type,NCIT,Female,MESH,Left Lobe of the Liver,NCIT,Ground Control,,24,day,UO,Taconic Biosciences,On Earth,,,Carcass,,,10 to 12,week,UO,Animal Husbandry,12 h light/dark cycle,Nutrient Upgraded Rodent Food Bar (NuRFB),OSD,ad libitum,,,Sample Collection,Not applicable,29-Dec-18,29-Dec-18 and 7-Jan-20 to 9-Jan-20,ketamine/xylazine overdose and exsanguination/double thoracotomy,OSD,-80.0,degree Celsius,UO,Liquid Nitrogen,NCIT,-80,degree Celsius,UO
79,HC_ISS_07,RR8_LVR_GC_ISS-T_YNG_GI7,Mus musculus,NCBITAXON,BALB/cAnNTac,,,Wild Type,NCIT,Female,MESH,Left Lobe of the Liver,NCIT,Ground Control,,24,day,UO,Taconic Biosciences,On Earth,,,Carcass,,,10 to 12,week,UO,Animal Husbandry,12 h light/dark cycle,Nutrient Upgraded Rodent Food Bar (NuRFB),OSD,ad libitum,,,Sample Collection,Not applicable,29-Dec-18,29-Dec-18 and 7-Jan-20 to 9-Jan-20,ketamine/xylazine overdose and exsanguination/double thoracotomy,OSD,-80.0,degree Celsius,UO,Liquid Nitrogen,NCIT,-80,degree Celsius,UO
80,HC_ISS_08,RR8_LVR_GC_ISS-T_YNG_GI8,Mus musculus,NCBITAXON,BALB/cAnNTac,,,Wild Type,NCIT,Female,MESH,Left Lobe of the Liver,NCIT,Ground Control,,24,day,UO,Taconic Biosciences,On Earth,,,Carcass,,,10 to 12,week,UO,Animal Husbandry,12 h light/dark cycle,Nutrient Upgraded Rodent Food Bar (NuRFB),OSD,ad libitum,,,Sample Collection,Not applicable,29-Dec-18,29-Dec-18 and 7-Jan-20 to 9-Jan-20,ketamine/xylazine overdose and exsanguination/double thoracotomy,OSD,-80.0,degree Celsius,UO,Liquid Nitrogen,NCIT,-80,degree Celsius,UO
81,HC_ISS_09,RR8_LVR_GC_ISS-T_YNG_GI9,Mus musculus,NCBITAXON,BALB/cAnNTac,,,Wild Type,NCIT,Female,MESH,Left Lobe of the Liver,NCIT,Ground Control,,24,day,UO,Taconic Biosciences,On Earth,,,Carcass,,,10 to 12,week,UO,Animal Husbandry,12 h light/dark cycle,Nutrient Upgraded Rodent Food Bar (NuRFB),OSD,ad libitum,,,Sample Collection,Not applicable,29-Dec-18,29-Dec-18 and 7-Jan-20 to 9-Jan-20,ketamine/xylazine overdose and exsanguination/double thoracotomy,OSD,-80.0,degree Celsius,UO,Liquid Nitrogen,NCIT,-80,degree Celsius,UO
82,HC_ISS_10,RR8_LVR_GC_ISS-T_YNG_GI10,Mus musculus,NCBITAXON,BALB/cAnNTac,,,Wild Type,NCIT,Female,MESH,Left Lobe of the Liver,NCIT,Ground Control,,24,day,UO,Taconic Biosciences,On Earth,,,Carcass,,,10 to 12,week,UO,Animal Husbandry,12 h light/dark cycle,Nutrient Upgraded Rodent Food Bar (NuRFB),OSD,ad libitum,,,Sample Collection,Not applicable,29-Dec-18,29-Dec-18 and 7-Jan-20 to 9-Jan-20,ketamine/xylazine overdose and exsanguination/double thoracotomy,OSD,-80.0,degree Celsius,UO,Liquid Nitrogen,NCIT,-80,degree Celsius,UO
83,HC_ISS_11,RR8_LVR_GC_ISS-T_OLD_GI11,Mus musculus,NCBITAXON,BALB/cAnNTac,,,Wild Type,NCIT,Female,MESH,Left Lobe of the Liver,NCIT,Ground Control,,24,day,UO,Taconic Biosciences,On Earth,,,Carcass,,,32,week,UO,Animal Husbandry,12 h light/dark cycle,Nutrient Upgraded Rodent Food Bar (NuRFB),OSD,ad libitum,,,Sample Collection,Not applicable,29-Dec-18,29-Dec-18 and 7-Jan-20 to 9-Jan-20,ketamine/xylazine overdose and exsanguination/double thoracotomy,OSD,-80.0,degree Celsius,UO,Liquid Nitrogen,NCIT,-80,degree Celsius,UO
84,HC_ISS_12,RR8_LVR_GC_ISS-T_OLD_GI12,Mus musculus,NCBITAXON,BALB/cAnNTac,,,Wild Type,NCIT,Female,MESH,Left Lobe of the Liver,NCIT,Ground Control,,24,day,UO,Taconic Biosciences,On Earth,,,Carcass,,,32,week,UO,Animal Husbandry,12 h light/dark cycle,Nutrient Upgraded Rodent Food Bar (NuRFB),OSD,ad libitum,,,Sample Collection,Not applicable,29-Dec-18,29-Dec-18 and 7-Jan-20 to 9-Jan-20,ketamine/xylazine overdose and exsanguination/double thoracotomy,OSD,-80.0,degree Celsius,UO,Liquid Nitrogen,NCIT,-80,degree Celsius,UO
85,HC_ISS_13,RR8_LVR_GC_ISS-T_OLD_GI13,Mus musculus,NCBITAXON,BALB/cAnNTac,,,Wild Type,NCIT,Female,MESH,Left Lobe of the Liver,NCIT,Ground Control,,24,day,UO,Taconic Biosciences,On Earth,,,Carcass,,,32,week,UO,Animal Husbandry,12 h light/dark cycle,Nutrient Upgraded Rodent Food Bar (NuRFB),OSD,ad libitum,,,Sample Collection,Not applicable,29-Dec-18,29-Dec-18 and 7-Jan-20 to 9-Jan-20,ketamine/xylazine overdose and exsanguination/double thoracotomy,OSD,-80.0,degree Celsius,UO,Liquid Nitrogen,NCIT,-80,degree Celsius,UO
86,HC_ISS_14,RR8_LVR_GC_ISS-T_OLD_GI14,Mus musculus,NCBITAXON,BALB/cAnNTac,,,Wild Type,NCIT,Female,MESH,Left Lobe of the Liver,NCIT,Ground Control,,24,day,UO,Taconic Biosciences,On Earth,,,Carcass,,,32,week,UO,Animal Husbandry,12 h light/dark cycle,Nutrient Upgraded Rodent Food Bar (NuRFB),OSD,ad libitum,,,Sample Collection,Not applicable,29-Dec-18,29-Dec-18 and 7-Jan-20 to 9-Jan-20,ketamine/xylazine overdose and exsanguination/double thoracotomy,OSD,-80.0,degree Celsius,UO,Liquid Nitrogen,NCIT,-80,degree Celsius,UO
87,HC_ISS_15,RR8_LVR_GC_ISS-T_OLD_GI15,Mus musculus,NCBITAXON,BALB/cAnNTac,,,Wild Type,NCIT,Female,MESH,Left Lobe of the Liver,NCIT,Ground Control,,24,day,UO,Taconic Biosciences,On Earth,,,Carcass,,,32,week,UO,Animal Husbandry,12 h light/dark cycle,Nutrient Upgraded Rodent Food Bar (NuRFB),OSD,ad libitum,,,Sample Collection,Not applicable,29-Dec-18,29-Dec-18 and 7-Jan-20 to 9-Jan-20,ketamine/xylazine overdose and exsanguination/double thoracotomy,OSD,-80.0,degree Celsius,UO,Liquid Nitrogen,NCIT,-80,degree Celsius,UO
88,HC_ISS_16,RR8_LVR_GC_ISS-T_OLD_GI16,Mus musculus,NCBITAXON,BALB/cAnNTac,,,Wild Type,NCIT,Female,MESH,Left Lobe of the Liver,NCIT,Ground Control,,24,day,UO,Taconic Biosciences,On Earth,,,Carcass,,,32,week,UO,Animal Husbandry,12 h light/dark cycle,Nutrient Upgraded Rodent Food Bar (NuRFB),OSD,ad libitum,,,Sample Collection,Not applicable,29-Dec-18,29-Dec-18 and 7-Jan-20 to 9-Jan-20,ketamine/xylazine overdose and exsanguination/double thoracotomy,OSD,-80.0,degree Celsius,UO,Liquid Nitrogen,NCIT,-80,degree Celsius,UO
89,HC_ISS_17,RR8_LVR_GC_ISS-T_OLD_GI17,Mus musculus,NCBITAXON,BALB/cAnNTac,,,Wild Type,NCIT,Female,MESH,Left Lobe of the Liver,NCIT,Ground Control,,24,day,UO,Taconic Biosciences,On Earth,,,Carcass,,,32,week,UO,Animal Husbandry,12 h light/dark cycle,Nutrient Upgraded Rodent Food Bar (NuRFB),OSD,ad libitum,,,Sample Collection,Not applicable,29-Dec-18,29-Dec-18 and 7-Jan-20 to 9-Jan-20,ketamine/xylazine overdose and exsanguination/double thoracotomy,OSD,-80.0,degree Celsius,UO,Liquid Nitrogen,NCIT,-80,degree Celsius,UO
90,HC_ISS_18,RR8_LVR_GC_ISS-T_OLD_GI18,Mus musculus,NCBITAXON,BALB/cAnNTac,,,Wild Type,NCIT,Female,MESH,Left Lobe of the Liver,NCIT,Ground Control,,24,day,UO,Taconic Biosciences,On Earth,,,Carcass,,,32,week,UO,Animal Husbandry,12 h light/dark cycle,Nutrient Upgraded Rodent Food Bar (NuRFB),OSD,ad libitum,,,Sample Collection,Not applicable,29-Dec-18,29-Dec-18 and 7-Jan-20 to 9-Jan-20,ketamine/xylazine overdose and exsanguination/double thoracotomy,OSD,-80.0,degree Celsius,UO,Liquid Nitrogen,NCIT,-80,degree Celsius,UO
91,HC_ISS_19,RR8_LVR_GC_ISS-T_OLD_GI19,Mus musculus,NCBITAXON,BALB/cAnNTac,,,Wild Type,NCIT,Female,MESH,Left Lobe of the Liver,NCIT,Ground Control,,24,day,UO,Taconic Biosciences,On Earth,,,Carcass,,,32,week,UO,Animal Husbandry,12 h light/dark cycle,Nutrient Upgraded Rodent Food Bar (NuRFB),OSD,ad libitum,,,Sample Collection,Not applicable,29-Dec-18,29-Dec-18 and 7-Jan-20 to 9-Jan-20,ketamine/xylazine overdose and exsanguination/double thoracotomy,OSD,-80.0,degree Celsius,UO,Liquid Nitrogen,NCIT,-80,degree Celsius,UO
92,HC_ISS_20,RR8_LVR_GC_ISS-T_OLD_GI20,Mus musculus,NCBITAXON,BALB/cAnNTac,,,Wild Type,NCIT,Female,MESH,Left Lobe of the Liver,NCIT,Ground Control,,24,day,UO,Taconic Biosciences,On Earth,,,Carcass,,,32,week,UO,Animal Husbandry,12 h light/dark cycle,Nutrient Upgraded Rodent Food Bar (NuRFB),OSD,ad libitum,,,Sample Collection,Not applicable,29-Dec-18,29-Dec-18 and 7-Jan-20 to 9-Jan-20,ketamine/xylazine overdose and exsanguination/double thoracotomy,OSD,-80.0,degree Celsius,UO,Liquid Nitrogen,NCIT,-80,degree Celsius,UO
93,HC_LAR_01,RR8_LVR_GC_LAR_YNG_GL1,Mus musculus,NCBITAXON,BALB/cAnNTac,,,Wild Type,NCIT,Female,MESH,Left Lobe of the Liver,NCIT,Ground Control,,~40,day,UO,Taconic Biosciences,On Earth,,,Upon euthanasia,,,10 to 12,week,UO,Animal Husbandry,12 h light/dark cycle,Nutrient Upgraded Rodent Food Bar (NuRFB),OSD,ad libitum,,,Sample Collection,15-Jan-19,17-Jan-19,17-Jan-19,ketamine/xylazine overdose and exsanguination/double thoracotomy,OSD,,Not Applicable,NCIT,Liquid Nitrogen,NCIT,-80,degree Celsius,UO
94,HC_LAR_02,RR8_LVR_GC_LAR_YNG_GL2,Mus musculus,NCBITAXON,BALB/cAnNTac,,,Wild Type,NCIT,Female,MESH,Left Lobe of the Liver,NCIT,Ground Control,,~40,day,UO,Taconic Biosciences,On Earth,,,Upon euthanasia,,,10 to 12,week,UO,Animal Husbandry,12 h light/dark cycle,Nutrient Upgraded Rodent Food Bar (NuRFB),OSD,ad libitum,,,Sample Collection,15-Jan-19,17-Jan-19,17-Jan-19,ketamine/xylazine overdose and exsanguination/double thoracotomy,OSD,,Not Applicable,NCIT,Liquid Nitrogen,NCIT,-80,degree Celsius,UO
95,HC_LAR_03,RR8_LVR_GC_LAR_OLD_GL3,Mus musculus,NCBITAXON,BALB/cAnNTac,,,Wild Type,NCIT,Female,MESH,Left Lobe of the Liver,NCIT,Ground Control,,~40,day,UO,Taconic Biosciences,On Earth,,,Upon euthanasia,,,32,week,UO,Animal Husbandry,12 h light/dark cycle,Nutrient Upgraded Rodent Food Bar (NuRFB),OSD,ad libitum,,,Sample Collection,15-Jan-19,17-Jan-19,17-Jan-19,ketamine/xylazine overdose and exsanguination/double thoracotomy,OSD,,Not Applicable,NCIT,Liquid Nitrogen,NCIT,-80,degree Celsius,UO
96,HC_LAR_04,RR8_LVR_GC_LAR_OLD_GL4,Mus musculus,NCBITAXON,BALB/cAnNTac,,,Wild Type,NCIT,Female,MESH,Left Lobe of the Liver,NCIT,Ground Control,,~40,day,UO,Taconic Biosciences,On Earth,,,Upon euthanasia,,,32,week,UO,Animal Husbandry,12 h light/dark cycle,Nutrient Upgraded Rodent Food Bar (NuRFB),OSD,ad libitum,,,Sample Collection,15-Jan-19,17-Jan-19,17-Jan-19,ketamine/xylazine overdose and exsanguination/double thoracotomy,OSD,,Not Applicable,NCIT,Liquid Nitrogen,NCIT,-80,degree Celsius,UO
97,HC_LAR_05,RR8_LVR_GC_LAR_YNG_GL5,Mus musculus,NCBITAXON,BALB/cAnNTac,,,Wild Type,NCIT,Female,MESH,Left Lobe of the Liver,NCIT,Ground Control,,~40,day,UO,Taconic Biosciences,On Earth,,,Upon euthanasia,,,10 to 12,week,UO,Animal Husbandry,12 h light/dark cycle,Nutrient Upgraded Rodent Food Bar (NuRFB),OSD,ad libitum,,,Sample Collection,15-Jan-19,17-Jan-19,17-Jan-19,ketamine/xylazine overdose and exsanguination/double thoracotomy,OSD,,Not Applicable,NCIT,Liquid Nitrogen,NCIT,-80,degree Celsius,UO
98,HC_LAR_06,RR8_LVR_GC_LAR_YNG_GL6,Mus musculus,NCBITAXON,BALB/cAnNTac,,,Wild Type,NCIT,Female,MESH,Left Lobe of the Liver,NCIT,Ground Control,,~40,day,UO,Taconic Biosciences,On Earth,,,Upon euthanasia,,,10 to 12,week,UO,Animal Husbandry,12 h light/dark cycle,Nutrient Upgraded Rodent Food Bar (NuRFB),OSD,ad libitum,,,Sample Collection,15-Jan-19,17-Jan-19,17-Jan-19,ketamine/xylazine overdose and exsanguination/double thoracotomy,OSD,,Not Applicable,NCIT,Liquid Nitrogen,NCIT,-80,degree Celsius,UO
99,HC_LAR_07,RR8_LVR_GC_LAR_OLD_GL7,Mus musculus,NCBITAXON,BALB/cAnNTac,,,Wild Type,NCIT,Female,MESH,Left Lobe of the Liver,NCIT,Ground Control,,~40,day,UO,Taconic Biosciences,On Earth,,,Upon euthanasia,,,32,week,UO,Animal Husbandry,12 h light/dark cycle,Nutrient Upgraded Rodent Food Bar (NuRFB),OSD,ad libitum,,,Sample Collection,15-Jan-19,17-Jan-19,17-Jan-19,ketamine/xylazine overdose and exsanguination/double thoracotomy,OSD,,Not Applicable,NCIT,Liquid Nitrogen,NCIT,-80,degree Celsius,UO
100,HC_LAR_08,RR8_LVR_GC_LAR_OLD_GL8,Mus musculus,NCBITAXON,BALB/cAnNTac,,,Wild Type,NCIT,Female,MESH,Left Lobe of the Liver,NCIT,Ground Control,,~40,day,UO,Taconic Biosciences,On Earth,,,Upon euthanasia,,,32,week,UO,Animal Husbandry,12 h light/dark cycle,Nutrient Upgraded Rodent Food Bar (NuRFB),OSD,ad libitum,,,Sample Collection,15-Jan-19,17-Jan-19,17-Jan-19,ketamine/xylazine overdose and exsanguination/double thoracotomy,OSD,,Not Applicable,NCIT,Liquid Nitrogen,NCIT,-80,degree Celsius,UO
101,HC_LAR_11,RR8_LVR_GC_LAR_OLD_GL11,Mus musculus,NCBITAXON,BALB/cAnNTac,,,Wild Type,NCIT,Female,MESH,Left Lobe of the Liver,NCIT,Ground Control,,~40,day,UO,Taconic Biosciences,On Earth,,,Upon euthanasia,,,32,week,UO,Animal Husbandry,12 h light/dark cycle,Nutrient Upgraded Rodent Food Bar (NuRFB),OSD,ad libitum,,,Sample Collection,15-Jan-19,17-Jan-19,17-Jan-19,ketamine/xylazine overdose and exsanguination/double thoracotomy,OSD,,Not Applicable,NCIT,Liquid Nitrogen,NCIT,-80,degree Celsius,UO
102,HC_LAR_12,RR8_LVR_GC_LAR_OLD_GL12,Mus musculus,NCBITAXON,BALB/cAnNTac,,,Wild Type,NCIT,Female,MESH,Left Lobe of the Liver,NCIT,Ground Control,,~40,day,UO,Taconic Biosciences,On Earth,,,Upon euthanasia,,,32,week,UO,Animal Husbandry,12 h light/dark cycle,Nutrient Upgraded Rodent Food Bar (NuRFB),OSD,ad libitum,,,Sample Collection,15-Jan-19,17-Jan-19,17-Jan-19,ketamine/xylazine overdose and exsanguination/double thoracotomy,OSD,,Not Applicable,NCIT,Liquid Nitrogen,NCIT,-80,degree Celsius,UO
103,HC_LAR_13,RR8_LVR_GC_LAR_YNG_GL13,Mus musculus,NCBITAXON,BALB/cAnNTac,,,Wild Type,NCIT,Female,MESH,Left Lobe of the Liver,NCIT,Ground Control,,~40,day,UO,Taconic Biosciences,On Earth,,,Upon euthanasia,,,10 to 12,week,UO,Animal Husbandry,12 h light/dark cycle,Nutrient Upgraded Rodent Food Bar (NuRFB),OSD,ad libitum,,,Sample Collection,15-Jan-19,17-Jan-19,17-Jan-19,ketamine/xylazine overdose and exsanguination/double thoracotomy,OSD,,Not Applicable,NCIT,Liquid Nitrogen,NCIT,-80,degree Celsius,UO
104,HC_LAR_14,RR8_LVR_GC_LAR_YNG_GL14,Mus musculus,NCBITAXON,BALB/cAnNTac,,,Wild Type,NCIT,Female,MESH,Left Lobe of the Liver,NCIT,Ground Control,,~40,day,UO,Taconic Biosciences,On Earth,,,Upon euthanasia,,,10 to 12,week,UO,Animal Husbandry,12 h light/dark cycle,Nutrient Upgraded Rodent Food Bar (NuRFB),OSD,ad libitum,,,Sample Collection,15-Jan-19,17-Jan-19,17-Jan-19,ketamine/xylazine overdose and exsanguination/double thoracotomy,OSD,,Not Applicable,NCIT,Liquid Nitrogen,NCIT,-80,degree Celsius,UO
105,HC_LAR_15,RR8_LVR_GC_LAR_OLD_GL15,Mus musculus,NCBITAXON,BALB/cAnNTac,,,Wild Type,NCIT,Female,MESH,Left Lobe of the Liver,NCIT,Ground Control,,~40,day,UO,Taconic Biosciences,On Earth,,,Upon euthanasia,,,32,week,UO,Animal Husbandry,12 h light/dark cycle,Nutrient Upgraded Rodent Food Bar (NuRFB),OSD,ad libitum,,,Sample Collection,15-Jan-19,17-Jan-19,17-Jan-19,ketamine/xylazine overdose and exsanguination/double thoracotomy,OSD,,Not Applicable,NCIT,Liquid Nitrogen,NCIT,-80,degree Celsius,UO
106,HC_LAR_17,RR8_LVR_GC_LAR_YNG_GL17,Mus musculus,NCBITAXON,BALB/cAnNTac,,,Wild Type,NCIT,Female,MESH,Left Lobe of the Liver,NCIT,Ground Control,,~40,day,UO,Taconic Biosciences,On Earth,,,Upon euthanasia,,,10 to 12,week,UO,Animal Husbandry,12 h light/dark cycle,Nutrient Upgraded Rodent Food Bar (NuRFB),OSD,ad libitum,,,Sample Collection,15-Jan-19,17-Jan-19,17-Jan-19,ketamine/xylazine overdose and exsanguination/double thoracotomy,OSD,,Not Applicable,NCIT,Liquid Nitrogen,NCIT,-80,degree Celsius,UO
107,HC_LAR_18,RR8_LVR_GC_LAR_YNG_GL18,Mus musculus,NCBITAXON,BALB/cAnNTac,,,Wild Type,NCIT,Female,MESH,Left Lobe of the Liver,NCIT,Ground Control,,~40,day,UO,Taconic Biosciences,On Earth,,,Upon euthanasia,,,10 to 12,week,UO,Animal Husbandry,12 h light/dark cycle,Nutrient Upgraded Rodent Food Bar (NuRFB),OSD,ad libitum,,,Sample Collection,15-Jan-19,17-Jan-19,17-Jan-19,ketamine/xylazine overdose and exsanguination/double thoracotomy,OSD,,Not Applicable,NCIT,Liquid Nitrogen,NCIT,-80,degree Celsius,UO
108,VC_ISS_01,RR8_LVR_VIV_ISS-T_YNG_VI1,Mus musculus,NCBITAXON,BALB/cAnNTac,,,Wild Type,NCIT,Female,MESH,Left Lobe of the Liver,NCIT,Vivarium Control,,23,day,UO,Taconic Biosciences,On Earth,,,Carcass,,,10 to 12,week,UO,Animal Husbandry,12 h light/dark cycle,Nutrient Upgraded Rodent Food Bar (NuRFB),OSD,ad libitum,,,Sample Collection,Not applicable,28-Dec-18,28-Dec-18 and 7-Jan-20 to 9-Jan-20,ketamine/xylazine overdose and exsanguination/double thoracotomy,OSD,-80.0,degree Celsius,UO,Liquid Nitrogen,NCIT,-80,degree Celsius,UO
109,VC_ISS_02,RR8_LVR_VIV_ISS-T_YNG_VI2,Mus musculus,NCBITAXON,BALB/cAnNTac,,,Wild Type,NCIT,Female,MESH,Left Lobe of the Liver,NCIT,Vivarium Control,,23,day,UO,Taconic Biosciences,On Earth,,,Carcass,,,10 to 12,week,UO,Animal Husbandry,12 h light/dark cycle,Nutrient Upgraded Rodent Food Bar (NuRFB),OSD,ad libitum,,,Sample Collection,Not applicable,28-Dec-18,28-Dec-18 and 7-Jan-20 to 9-Jan-20,ketamine/xylazine overdose and exsanguination/double thoracotomy,OSD,-80.0,degree Celsius,UO,Liquid Nitrogen,NCIT,-80,degree Celsius,UO
110,VC_ISS_03,RR8_LVR_VIV_ISS-T_YNG_VI3,Mus musculus,NCBITAXON,BALB/cAnNTac,,,Wild Type,NCIT,Female,MESH,Left Lobe of the Liver,NCIT,Vivarium Control,,23,day,UO,Taconic Biosciences,On Earth,,,Carcass,,,10 to 12,week,UO,Animal Husbandry,12 h light/dark cycle,Nutrient Upgraded Rodent Food Bar (NuRFB),OSD,ad libitum,,,Sample Collection,Not applicable,28-Dec-18,28-Dec-18 and 7-Jan-20 to 9-Jan-20,ketamine/xylazine overdose and exsanguination/double thoracotomy,OSD,-80.0,degree Celsius,UO,Liquid Nitrogen,NCIT,-80,degree Celsius,UO
111,VC_ISS_04,RR8_LVR_VIV_ISS-T_YNG_VI4,Mus musculus,NCBITAXON,BALB/cAnNTac,,,Wild Type,NCIT,Female,MESH,Left Lobe of the Liver,NCIT,Vivarium Control,,23,day,UO,Taconic Biosciences,On Earth,,,Carcass,,,10 to 12,week,UO,Animal Husbandry,12 h light/dark cycle,Nutrient Upgraded Rodent Food Bar (NuRFB),OSD,ad libitum,,,Sample Collection,Not applicable,28-Dec-18,28-Dec-18 and 7-Jan-20 to 9-Jan-20,ketamine/xylazine overdose and exsanguination/double thoracotomy,OSD,-80.0,degree Celsius,UO,Liquid Nitrogen,NCIT,-80,degree Celsius,UO
112,VC_ISS_05,RR8_LVR_VIV_ISS-T_YNG_VI5,Mus musculus,NCBITAXON,BALB/cAnNTac,,,Wild Type,NCIT,Female,MESH,Left Lobe of the Liver,NCIT,Vivarium Control,,23,day,UO,Taconic Biosciences,On Earth,,,Carcass,,,10 to 12,week,UO,Animal Husbandry,12 h light/dark cycle,Nutrient Upgraded Rodent Food Bar (NuRFB),OSD,ad libitum,,,Sample Collection,Not applicable,28-Dec-18,28-Dec-18 and 7-Jan-20 to 9-Jan-20,ketamine/xylazine overdose and exsanguination/double thoracotomy,OSD,-80.0,degree Celsius,UO,Liquid Nitrogen,NCIT,-80,degree Celsius,UO
113,VC_ISS_06,RR8_LVR_VIV_ISS-T_YNG_VI6,Mus musculus,NCBITAXON,BALB/cAnNTac,,,Wild Type,NCIT,Female,MESH,Left Lobe of the Liver,NCIT,Vivarium Control,,23,day,UO,Taconic Biosciences,On Earth,,,Carcass,,,10 to 12,week,UO,Animal Husbandry,12 h light/dark cycle,Nutrient Upgraded Rodent Food Bar (NuRFB),OSD,ad libitum,,,Sample Collection,Not applicable,28-Dec-18,28-Dec-18 and 7-Jan-20 to 9-Jan-20,ketamine/xylazine overdose and exsanguination/double thoracotomy,OSD,-80.0,degree Celsius,UO,Liquid Nitrogen,NCIT,-80,degree Celsius,UO
114,VC_ISS_07,RR8_LVR_VIV_ISS-T_YNG_VI7,Mus musculus,NCBITAXON,BALB/cAnNTac,,,Wild Type,NCIT,Female,MESH,Left Lobe of the Liver,NCIT,Vivarium Control,,23,day,UO,Taconic Biosciences,On Earth,,,Carcass,,,10 to 12,week,UO,Animal Husbandry,12 h light/dark cycle,Nutrient Upgraded Rodent Food Bar (NuRFB),OSD,ad libitum,,,Sample Collection,Not applicable,28-Dec-18,28-Dec-18 and 7-Jan-20 to 9-Jan-20,ketamine/xylazine overdose and exsanguination/double thoracotomy,OSD,-80.0,degree Celsius,UO,Liquid Nitrogen,NCIT,-80,degree Celsius,UO
115,VC_ISS_08,RR8_LVR_VIV_ISS-T_YNG_VI8,Mus musculus,NCBITAXON,BALB/cAnNTac,,,Wild Type,NCIT,Female,MESH,Left Lobe of the Liver,NCIT,Vivarium Control,,23,day,UO,Taconic Biosciences,On Earth,,,Carcass,,,10 to 12,week,UO,Animal Husbandry,12 h light/dark cycle,Nutrient Upgraded Rodent Food Bar (NuRFB),OSD,ad libitum,,,Sample Collection,Not applicable,28-Dec-18,28-Dec-18 and 7-Jan-20 to 9-Jan-20,ketamine/xylazine overdose and exsanguination/double thoracotomy,OSD,-80.0,degree Celsius,UO,Liquid Nitrogen,NCIT,-80,degree Celsius,UO
116,VC_ISS_10,RR8_LVR_VIV_ISS-T_YNG_VI10,Mus musculus,NCBITAXON,BALB/cAnNTac,,,Wild Type,NCIT,Female,MESH,Left Lobe of the Liver,NCIT,Vivarium Control,,23,day,UO,Taconic Biosciences,On Earth,,,Carcass,,,10 to 12,week,UO,Animal Husbandry,12 h light/dark cycle,Nutrient Upgraded Rodent Food Bar (NuRFB),OSD,ad libitum,,,Sample Collection,Not applicable,28-Dec-18,28-Dec-18 and 7-Jan-20 to 9-Jan-20,ketamine/xylazine overdose and exsanguination/double thoracotomy,OSD,-80.0,degree Celsius,UO,Liquid Nitrogen,NCIT,-80,degree Celsius,UO
117,VC_ISS_11,RR8_LVR_VIV_ISS-T_OLD_VI11,Mus musculus,NCBITAXON,BALB/cAnNTac,,,Wild Type,NCIT,Female,MESH,Left Lobe of the Liver,NCIT,Vivarium Control,,23,day,UO,Taconic Biosciences,On Earth,,,Carcass,,,32,week,UO,Animal Husbandry,12 h light/dark cycle,Nutrient Upgraded Rodent Food Bar (NuRFB),OSD,ad libitum,,,Sample Collection,Not applicable,28-Dec-18,28-Dec-18 and 7-Jan-20 to 9-Jan-20,ketamine/xylazine overdose and exsanguination/double thoracotomy,OSD,-80.0,degree Celsius,UO,Liquid Nitrogen,NCIT,-80,degree Celsius,UO
118,VC_ISS_12,RR8_LVR_VIV_ISS-T_OLD_VI12,Mus musculus,NCBITAXON,BALB/cAnNTac,,,Wild Type,NCIT,Female,MESH,Left Lobe of the Liver,NCIT,Vivarium Control,,23,day,UO,Taconic Biosciences,On Earth,,,Carcass,,,32,week,UO,Animal Husbandry,12 h light/dark cycle,Nutrient Upgraded Rodent Food Bar (NuRFB),OSD,ad libitum,,,Sample Collection,Not applicable,28-Dec-18,28-Dec-18 and 7-Jan-20 to 9-Jan-20,ketamine/xylazine overdose and exsanguination/double thoracotomy,OSD,-80.0,degree Celsius,UO,Liquid Nitrogen,NCIT,-80,degree Celsius,UO
119,VC_ISS_13,RR8_LVR_VIV_ISS-T_OLD_VI13,Mus musculus,NCBITAXON,BALB/cAnNTac,,,Wild Type,NCIT,Female,MESH,Left Lobe of the Liver,NCIT,Vivarium Control,,23,day,UO,Taconic Biosciences,On Earth,,,Carcass,,,32,week,UO,Animal Husbandry,12 h light/dark cycle,Nutrient Upgraded Rodent Food Bar (NuRFB),OSD,ad libitum,,,Sample Collection,Not applicable,28-Dec-18,28-Dec-18 and 7-Jan-20 to 9-Jan-20,ketamine/xylazine overdose and exsanguination/double thoracotomy,OSD,-80.0,degree Celsius,UO,Liquid Nitrogen,NCIT,-80,degree Celsius,UO
120,VC_ISS_14,RR8_LVR_VIV_ISS-T_OLD_VI14,Mus musculus,NCBITAXON,BALB/cAnNTac,,,Wild Type,NCIT,Female,MESH,Left Lobe of the Liver,NCIT,Vivarium Control,,23,day,UO,Taconic Biosciences,On Earth,,,Carcass,,,32,week,UO,Animal Husbandry,12 h light/dark cycle,Nutrient Upgraded Rodent Food Bar (NuRFB),OSD,ad libitum,,,Sample Collection,Not applicable,28-Dec-18,28-Dec-18 and 7-Jan-20 to 9-Jan-20,ketamine/xylazine overdose and exsanguination/double thoracotomy,OSD,-80.0,degree Celsius,UO,Liquid Nitrogen,NCIT,-80,degree Celsius,UO
121,VC_ISS_16,RR8_LVR_VIV_ISS-T_OLD_VI16,Mus musculus,NCBITAXON,BALB/cAnNTac,,,Wild Type,NCIT,Female,MESH,Left Lobe of the Liver,NCIT,Vivarium Control,,23,day,UO,Taconic Biosciences,On Earth,,,Carcass,,,32,week,UO,Animal Husbandry,12 h light/dark cycle,Nutrient Upgraded Rodent Food Bar (NuRFB),OSD,ad libitum,,,Sample Collection,Not applicable,28-Dec-18,28-Dec-18 and 7-Jan-20 to 9-Jan-20,ketamine/xylazine overdose and exsanguination/double thoracotomy,OSD,-80.0,degree Celsius,UO,Liquid Nitrogen,NCIT,-80,degree Celsius,UO
122,VC_ISS_17,RR8_LVR_VIV_ISS-T_OLD_VI17,Mus musculus,NCBITAXON,BALB/cAnNTac,,,Wild Type,NCIT,Female,MESH,Left Lobe of the Liver,NCIT,Vivarium Control,,23,day,UO,Taconic Biosciences,On Earth,,,Carcass,,,32,week,UO,Animal Husbandry,12 h light/dark cycle,Nutrient Upgraded Rodent Food Bar (NuRFB),OSD,ad libitum,,,Sample Collection,Not applicable,28-Dec-18,28-Dec-18 and 7-Jan-20 to 9-Jan-20,ketamine/xylazine overdose and exsanguination/double thoracotomy,OSD,-80.0,degree Celsius,UO,Liquid Nitrogen,NCIT,-80,degree Celsius,UO
123,VC_ISS_18,RR8_LVR_VIV_ISS-T_OLD_VI18,Mus musculus,NCBITAXON,BALB/cAnNTac,,,Wild Type,NCIT,Female,MESH,Left Lobe of the Liver,NCIT,Vivarium Control,,23,day,UO,Taconic Biosciences,On Earth,,,Carcass,,,32,week,UO,Animal Husbandry,12 h light/dark cycle,Nutrient Upgraded Rodent Food Bar (NuRFB),OSD,ad libitum,,,Sample Collection,Not applicable,28-Dec-18,28-Dec-18 and 7-Jan-20 to 9-Jan-20,ketamine/xylazine overdose and exsanguination/double thoracotomy,OSD,-80.0,degree Celsius,UO,Liquid Nitrogen,NCIT,-80,degree Celsius,UO
124,VC_ISS_19,RR8_LVR_VIV_ISS-T_OLD_VI19,Mus musculus,NCBITAXON,BALB/cAnNTac,,,Wild Type,NCIT,Female,MESH,Left Lobe of the Liver,NCIT,Vivarium Control,,23,day,UO,Taconic Biosciences,On Earth,,,Carcass,,,32,week,UO,Animal Husbandry,12 h light/dark cycle,Nutrient Upgraded Rodent Food Bar (NuRFB),OSD,ad libitum,,,Sample Collection,Not applicable,28-Dec-18,28-Dec-18 and 7-Jan-20 to 9-Jan-20,ketamine/xylazine overdose and exsanguination/double thoracotomy,OSD,-80.0,degree Celsius,UO,Liquid Nitrogen,NCIT,-80,degree Celsius,UO
125,VC_LAR_01,RR8_LVR_VIV_LAR_YNG_VL1,Mus musculus,NCBITAXON,BALB/cAnNTac,,,Wild Type,NCIT,Female,MESH,Left Lobe of the Liver,NCIT,Vivarium Control,,~40,day,UO,Taconic Biosciences,On Earth,,,Upon euthanasia,,,10 to 12,week,UO,Animal Husbandry,12 h light/dark cycle,Nutrient Upgraded Rodent Food Bar (NuRFB),OSD,ad libitum,,,Sample Collection,15-Jan-19,18-Jan-19,18-Jan-19,ketamine/xylazine overdose and exsanguination/double thoracotomy,OSD,,Not Applicable,NCIT,Liquid Nitrogen,NCIT,-80,degree Celsius,UO
126,VC_LAR_02,RR8_LVR_VIV_LAR_YNG_VL2,Mus musculus,NCBITAXON,BALB/cAnNTac,,,Wild Type,NCIT,Female,MESH,Left Lobe of the Liver,NCIT,Vivarium Control,,~40,day,UO,Taconic Biosciences,On Earth,,,Upon euthanasia,,,10 to 12,week,UO,Animal Husbandry,12 h light/dark cycle,Nutrient Upgraded Rodent Food Bar (NuRFB),OSD,ad libitum,,,Sample Collection,15-Jan-19,18-Jan-19,18-Jan-19,ketamine/xylazine overdose and exsanguination/double thoracotomy,OSD,,Not Applicable,NCIT,Liquid Nitrogen,NCIT,-80,degree Celsius,UO
127,VC_LAR_04,RR8_LVR_VIV_LAR_OLD_VL4,Mus musculus,NCBITAXON,BALB/cAnNTac,,,Wild Type,NCIT,Female,MESH,Left Lobe of the Liver,NCIT,Vivarium Control,,~40,day,UO,Taconic Biosciences,On Earth,,,Upon euthanasia,,,32,week,UO,Animal Husbandry,12 h light/dark cycle,Nutrient Upgraded Rodent Food Bar (NuRFB),OSD,ad libitum,,,Sample Collection,15-Jan-19,18-Jan-19,18-Jan-19,ketamine/xylazine overdose and exsanguination/double thoracotomy,OSD,,Not Applicable,NCIT,Liquid Nitrogen,NCIT,-80,degree Celsius,UO
128,VC_LAR_05,RR8_LVR_VIV_LAR_YNG_VL5,Mus musculus,NCBITAXON,BALB/cAnNTac,,,Wild Type,NCIT,Female,MESH,Left Lobe of the Liver,NCIT,Vivarium Control,,~40,day,UO,Taconic Biosciences,On Earth,,,Upon euthanasia,,,10 to 12,week,UO,Animal Husbandry,12 h light/dark cycle,Nutrient Upgraded Rodent Food Bar (NuRFB),OSD,ad libitum,,,Sample Collection,15-Jan-19,18-Jan-19,18-Jan-19,ketamine/xylazine overdose and exsanguination/double thoracotomy,OSD,,Not Applicable,NCIT,Liquid Nitrogen,NCIT,-80,degree Celsius,UO
129,VC_LAR_07,RR8_LVR_VIV_LAR_OLD_VL7,Mus musculus,NCBITAXON,BALB/cAnNTac,,,Wild Type,NCIT,Female,MESH,Left Lobe of the Liver,NCIT,Vivarium Control,,~40,day,UO,Taconic Biosciences,On Earth,,,Upon euthanasia,,,32,week,UO,Animal Husbandry,12 h light/dark cycle,Nutrient Upgraded Rodent Food Bar (NuRFB),OSD,ad libitum,,,Sample Collection,15-Jan-19,18-Jan-19,18-Jan-19,ketamine/xylazine overdose and exsanguination/double thoracotomy,OSD,,Not Applicable,NCIT,Liquid Nitrogen,NCIT,-80,degree Celsius,UO
130,VC_LAR_08,RR8_LVR_VIV_LAR_OLD_VL8,Mus musculus,NCBITAXON,BALB/cAnNTac,,,Wild Type,NCIT,Female,MESH,Left Lobe of the Liver,NCIT,Vivarium Control,,~40,day,UO,Taconic Biosciences,On Earth,,,Upon euthanasia,,,32,week,UO,Animal Husbandry,12 h light/dark cycle,Nutrient Upgraded Rodent Food Bar (NuRFB),OSD,ad libitum,,,Sample Collection,15-Jan-19,18-Jan-19,18-Jan-19,ketamine/xylazine overdose and exsanguination/double thoracotomy,OSD,,Not Applicable,NCIT,Liquid Nitrogen,NCIT,-80,degree Celsius,UO
131,VC_LAR_09,RR8_LVR_VIV_LAR_YNG_VL9,Mus musculus,NCBITAXON,BALB/cAnNTac,,,Wild Type,NCIT,Female,MESH,Left Lobe of the Liver,NCIT,Vivarium Control,,~40,day,UO,Taconic Biosciences,On Earth,,,Upon euthanasia,,,10 to 12,week,UO,Animal Husbandry,12 h light/dark cycle,Nutrient Upgraded Rodent Food Bar (NuRFB),OSD,ad libitum,,,Sample Collection,15-Jan-19,18-Jan-19,18-Jan-19,ketamine/xylazine overdose and exsanguination/double thoracotomy,OSD,,Not Applicable,NCIT,Liquid Nitrogen,NCIT,-80,degree Celsius,UO
132,VC_LAR_10,RR8_LVR_VIV_LAR_YNG_VL10,Mus musculus,NCBITAXON,BALB/cAnNTac,,,Wild Type,NCIT,Female,MESH,Left Lobe of the Liver,NCIT,Vivarium Control,,~40,day,UO,Taconic Biosciences,On Earth,,,Upon euthanasia,,,10 to 12,week,UO,Animal Husbandry,12 h light/dark cycle,Nutrient Upgraded Rodent Food Bar (NuRFB),OSD,ad libitum,,,Sample Collection,15-Jan-19,18-Jan-19,18-Jan-19,ketamine/xylazine overdose and exsanguination/double thoracotomy,OSD,,Not Applicable,NCIT,Liquid Nitrogen,NCIT,-80,degree Celsius,UO
133,VC_LAR_11,RR8_LVR_VIV_LAR_OLD_VL11,Mus musculus,NCBITAXON,BALB/cAnNTac,,,Wild Type,NCIT,Female,MESH,Left Lobe of the Liver,NCIT,Vivarium Control,,~40,day,UO,Taconic Biosciences,On Earth,,,Upon euthanasia,,,32,week,UO,Animal Husbandry,12 h light/dark cycle,Nutrient Upgraded Rodent Food Bar (NuRFB),OSD,ad libitum,,,Sample Collection,15-Jan-19,18-Jan-19,18-Jan-19,ketamine/xylazine overdose and exsanguination/double thoracotomy,OSD,,Not Applicable,NCIT,Liquid Nitrogen,NCIT,-80,degree Celsius,UO
134,VC_LAR_12,RR8_LVR_VIV_LAR_OLD_VL12,Mus musculus,NCBITAXON,BALB/cAnNTac,,,Wild Type,NCIT,Female,MESH,Left Lobe of the Liver,NCIT,Vivarium Control,,~40,day,UO,Taconic Biosciences,On Earth,,,Upon euthanasia,,,32,week,UO,Animal Husbandry,12 h light/dark cycle,Nutrient Upgraded Rodent Food Bar (NuRFB),OSD,ad libitum,,,Sample Collection,15-Jan-19,18-Jan-19,18-Jan-19,ketamine/xylazine overdose and exsanguination/double thoracotomy,OSD,,Not Applicable,NCIT,Liquid Nitrogen,NCIT,-80,degree Celsius,UO
135,VC_LAR_14,RR8_LVR_VIV_LAR_YNG_VL14,Mus musculus,NCBITAXON,BALB/cAnNTac,,,Wild Type,NCIT,Female,MESH,Left Lobe of the Liver,NCIT,Vivarium Control,,~40,day,UO,Taconic Biosciences,On Earth,,,Upon euthanasia,,,10 to 12,week,UO,Animal Husbandry,12 h light/dark cycle,Nutrient Upgraded Rodent Food Bar (NuRFB),OSD,ad libitum,,,Sample Collection,15-Jan-19,18-Jan-19,18-Jan-19,ketamine/xylazine overdose and exsanguination/double thoracotomy,OSD,,Not Applicable,NCIT,Liquid Nitrogen,NCIT,-80,degree Celsius,UO
136,VC_LAR_15,RR8_LVR_VIV_LAR_OLD_VL15,Mus musculus,NCBITAXON,BALB/cAnNTac,,,Wild Type,NCIT,Female,MESH,Left Lobe of the Liver,NCIT,Vivarium Control,,~40,day,UO,Taconic Biosciences,On Earth,,,Upon euthanasia,,,32,week,UO,Animal Husbandry,12 h light/dark cycle,Nutrient Upgraded Rodent Food Bar (NuRFB),OSD,ad libitum,,,Sample Collection,15-Jan-19,18-Jan-19,18-Jan-19,ketamine/xylazine overdose and exsanguination/double thoracotomy,OSD,,Not Applicable,NCIT,Liquid Nitrogen,NCIT,-80,degree Celsius,UO
137,VC_LAR_16,RR8_LVR_VIV_LAR_OLD_VL16,Mus musculus,NCBITAXON,BALB/cAnNTac,,,Wild Type,NCIT,Female,MESH,Left Lobe of the Liver,NCIT,Vivarium Control,,~40,day,UO,Taconic Biosciences,On Earth,,,Upon euthanasia,,,32,week,UO,Animal Husbandry,12 h light/dark cycle,Nutrient Upgraded Rodent Food Bar (NuRFB),OSD,ad libitum,,,Sample Collection,15-Jan-19,18-Jan-19,18-Jan-19,ketamine/xylazine overdose and exsanguination/double thoracotomy,OSD,,Not Applicable,NCIT,Liquid Nitrogen,NCIT,-80,degree Celsius,UO
138,VC_LAR_17,RR8_LVR_VIV_LAR_YNG_VL17,Mus musculus,NCBITAXON,BALB/cAnNTac,,,Wild Type,NCIT,Female,MESH,Left Lobe of the Liver,NCIT,Vivarium Control,,~40,day,UO,Taconic Biosciences,On Earth,,,Upon euthanasia,,,10 to 12,week,UO,Animal Husbandry,12 h light/dark cycle,Nutrient Upgraded Rodent Food Bar (NuRFB),OSD,ad libitum,,,Sample Collection,15-Jan-19,18-Jan-19,18-Jan-19,ketamine/xylazine overdose and exsanguination/double thoracotomy,OSD,,Not Applicable,NCIT,Liquid Nitrogen,NCIT,-80,degree Celsius,UO
139,VC_LAR_18,RR8_LVR_VIV_LAR_YNG_VL18,Mus musculus,NCBITAXON,BALB/cAnNTac,,,Wild Type,NCIT,Female,MESH,Left Lobe of the Liver,NCIT,Vivarium Control,,~40,day,UO,Taconic Biosciences,On Earth,,,Upon euthanasia,,,10 to 12,week,UO,Animal Husbandry,12 h light/dark cycle,Nutrient Upgraded Rodent Food Bar (NuRFB),OSD,ad libitum,,,Sample Collection,15-Jan-19,18-Jan-19,18-Jan-19,ketamine/xylazine overdose and exsanguination/double thoracotomy,OSD,,Not Applicable,NCIT,Liquid Nitrogen,NCIT,-80,degree Celsius,UO
140,VC_LAR_20,RR8_LVR_VIV_LAR_OLD_VL20,Mus musculus,NCBITAXON,BALB/cAnNTac,,,Wild Type,NCIT,Female,MESH,Left Lobe of the Liver,NCIT,Vivarium Control,,~40,day,UO,Taconic Biosciences,On Earth,,,Upon euthanasia,,,32,week,UO,Animal Husbandry,12 h light/dark cycle,Nutrient Upgraded Rodent Food Bar (NuRFB),OSD,ad libitum,,,Sample Collection,15-Jan-19,18-Jan-19,18-Jan-19,ketamine/xylazine overdose and exsanguination/double thoracotomy,OSD,,Not Applicable,NCIT,Liquid Nitrogen,NCIT,-80,degree Celsius,UO
